,00display cabinet,01bathtub,02bed,03oven and stove,04toilet,05bathroom cabinet,06bed,07towel,08oven and stove,09box,10display cabinet,11towel,12cabinet,13washing machine,14wardrobe,15bathroom towel,16bed,17washing machine,18bathroom towel,19table
img0001,0.4214354455471039,0.4150920808315277,0.46329715847969055,0.48899754881858826,0.2917563319206238,0.56032395362854,0.12677693367004395,0.49004119634628296,0.42228761315345764,0.34467676281929016,0.5068491697311401,0.5542181730270386,0.5880573987960815,0.4202342927455902,0.4363456666469574,0.3740212321281433,0.4751220941543579,0.43429145216941833,0.3740212321281433,0.32156071066856384
img0002,0.3837548494338989,0.45363911986351013,0.40461158752441406,0.506141185760498,0.31677088141441345,0.5348342657089233,0.19837747514247894,0.14942018687725067,0.6874591112136841,0.727294385433197,0.7168226838111877,0.7299325466156006,0.8915057182312012,0.6839693188667297,0.8034587502479553,0.8689082860946655,0.2993059456348419,0.6235507726669312,0.41294828057289124,0.35130906105041504
img0003,0.49618756771087646,0.4167642891407013,0.39515408873558044,0.4398076832294464,0.46231821179389954,0.5726142525672913,0.34079915285110474,0.49643370509147644,0.4329111874103546,0.45642828941345215,0.5843732357025146,0.6103518605232239,0.8240739703178406,0.6202993988990784,0.6813821196556091,0.8160969614982605,0.23400360345840454,0.5755373239517212,0.816096842288971,0.9020746350288391
img0004,0.8476130962371826,0.783992350101471,0.18435291945934296,0.8327651023864746,0.8132296204566956,0.8468478918075562,0.5786011219024658,0.38050273060798645,0.4647712707519531,0.5393016338348389,0.556381344795227,0.5003663897514343,0.5716522932052612,0.747718870639801,0.9025527834892273,0.8124369978904724,0.39890336990356445,0.7083102464675903,0.8124369978904724,0.005831937771290541
img0005,0.5974064469337463,0.32823479175567627,0.2762851119041443,0.36326706409454346,0.5585407614707947,0.4943179190158844,0.4928717613220215,0.44411078095436096,0.4168693423271179,0.5703024864196777,-0.009338399395346642,0.8145886063575745,0.8686467409133911,0.034874286502599716,0.513281524181366,0.6508726477622986,0.3613198399543762,0.3765091300010681,0.6508726477622986,0.4701390564441681
img0006,0.5862029790878296,0.4241224229335785,0.4830009639263153,0.3517344295978546,0.4159674644470215,0.5501258969306946,0.3414151668548584,0.5306174159049988,0.11892849206924438,0.3946918547153473,0.822715163230896,0.8354506492614746,0.665417492389679,0.6402587890625,0.737049400806427,0.5174592733383179,0.6250120401382446,0.6770368218421936,0.5174574255943298,0.08555517345666885
img0007,0.5838506817817688,0.39246344566345215,0.39329293370246887,0.33697956800460815,0.3548009991645813,0.4627546966075897,0.2880285680294037,0.46859896183013916,0.30428430438041687,0.36411771178245544,0.5133556127548218,0.5357244610786438,0.44495776295661926,0.36627423763275146,0.4497282803058624,0.45044460892677307,0.37796375155448914,0.37883657217025757,0.45044460892677307,0.3499976694583893
img0008,0.6593398451805115,0.4284040331840515,0.4024412930011749,0.5733122229576111,0.4206365644931793,0.6186584234237671,0.2678561508655548,0.5082014799118042,0.4990811049938202,0.4453416168689728,0.668913722038269,0.6219581365585327,0.545128345489502,0.5520337224006653,0.5435906648635864,0.4710514545440674,0.417485773563385,0.5175963044166565,0.4710514545440674,0.3565096855163574
img0009,0.1584499329328537,0.37522295117378235,0.7072497010231018,0.3456580936908722,0.09446881711483002,0.2967052757740021,0.42724376916885376,0.4291225075721741,0.11920501291751862,0.13322436809539795,0.27102941274642944,0.4359707832336426,0.604907214641571,0.530669093132019,0.5621795654296875,0.4238388240337372,0.44266951084136963,0.4896787405014038,0.4238388240337372,0.36226361989974976
img0010,0.4990871846675873,0.3912738859653473,0.6133628487586975,0.5825144648551941,0.28646260499954224,0.3119504153728485,0.14469663798809052,0.4227522611618042,0.36243247985839844,0.3179744482040405,0.5491350293159485,0.5082482099533081,0.5584748983383179,0.42635378241539,0.4983478784561157,0.3322940766811371,0.45644500851631165,0.15049098432064056,0.2601761519908905,0.26618263125419617
img0011,0.01268838346004486,0.37998461723327637,0.5164533257484436,0.3803665339946747,0.24299833178520203,0.5169819593429565,0.14050696790218353,0.4968392848968506,0.28099387884140015,0.23099026083946228,0.7517397999763489,0.740296483039856,0.5928094983100891,-0.043304864317178726,0.47688543796539307,0.33542191982269287,0.5279989242553711,0.3812769651412964,0.33542191982269287,0.3575022220611572
img0012,0.4684654474258423,0.39724215865135193,0.5038927793502808,0.43530118465423584,0.30921638011932373,0.06044447049498558,0.4680524468421936,0.4767952561378479,0.1715114265680313,0.36676087975502014,0.5918943285942078,0.5094677209854126,0.7006960511207581,0.3806377947330475,0.48009809851646423,0.3774111866950989,0.535124659538269,0.4076363444328308,0.3774111866950989,0.4263557195663452
img0013,0.43944820761680603,0.37997105717658997,0.516446053981781,0.38041001558303833,0.24297676980495453,0.5169565677642822,0.14048057794570923,0.4079263210296631,0.2821108102798462,0.31146350502967834,0.551359236240387,0.47609350085258484,0.5991066694259644,0.3564758896827698,0.47685253620147705,0.3354247510433197,0.5280047059059143,0.38125112652778625,0.3354247510433197,0.35750818252563477
img0014,0.3521738648414612,0.5784693360328674,0.6128543019294739,0.5832839608192444,0.28710535168647766,0.6059024333953857,0.6682595014572144,0.42280662059783936,0.3625114858150482,0.3178883492946625,0.5491309762001038,0.5082065463066101,0.5584471225738525,0.42634326219558716,0.4981362521648407,0.3322252333164215,0.4564422369003296,0.40079355239868164,0.3322252333164215,0.3334929049015045
img0015,0.5395090579986572,0.4108465015888214,0.41188114881515503,0.532604455947876,0.3946218192577362,0.5996007919311523,0.22919505834579468,0.43612217903137207,0.468681275844574,0.42865800857543945,0.6475031971931458,0.5460846424102783,0.6047279834747314,0.5307283401489258,0.5622566342353821,0.42378807067871094,0.44265833497047424,0.489799439907074,0.42378807067871094,0.3621818721294403
img0016,0.1978176385164261,0.43899592757225037,0.6716784238815308,0.39759138226509094,0.14698702096939087,0.3477550148963928,0.10884685814380646,0.4376283884048462,0.48817017674446106,0.43108949065208435,0.620154082775116,0.5204078555107117,0.5772742033004761,0.530880331993103,0.5874213576316833,0.433122456073761,0.7182000875473022,0.41503429412841797,0.12062732130289078,0.11530411243438721
img0017,0.5806954503059387,0.43394753336906433,0.4249507188796997,0.5854625105857849,0.47844141721725464,0.6352185010910034,0.3349596858024597,0.4721432626247406,0.5383726358413696,0.49527794122695923,0.6870208382606506,0.5553210973739624,0.6173599362373352,0.5568288564682007,0.6459983587265015,0.4976792335510254,0.46546775102615356,0.502661943435669,0.24303743243217468,0.2674543559551239
img0018,0.3062688410282135,0.5823362469673157,0.6253599524497986,0.5799471735954285,0.43002980947494507,0.6374995708465576,0.2843461334705353,0.4487341344356537,0.5208650231361389,0.42883485555648804,0.6232824921607971,0.09391634911298752,0.42523980140686035,0.5189613103866577,0.3747074604034424,0.2040385901927948,0.7723097801208496,0.485756516456604,0.4546322822570801,0.34795457124710083
img0019,0.602073073387146,0.4199780225753784,0.36257100105285645,0.596160888671875,0.4758552312850952,0.621598482131958,0.3046645224094391,0.43956804275512695,0.5548656582832336,0.4727095365524292,0.6709197759628296,0.562964916229248,0.5905376672744751,0.5558437705039978,0.6014144420623779,0.5239558815956116,0.3942624032497406,0.7457244396209717,0.6697852611541748,0.6607566475868225
img0020,0.5882765054702759,0.4447548985481262,0.39246121048927307,0.6730918884277344,0.4890594184398651,0.6418241262435913,0.3246079981327057,0.47355470061302185,0.6104745864868164,0.3638207018375397,0.7088112235069275,0.7335454821586609,0.23478913307189941,0.5487613081932068,0.5899415612220764,0.5500919818878174,0.43371376395225525,0.5353537797927856,0.5500919818878174,0.38796716928482056
img0021,0.575005054473877,0.4457622766494751,0.3646696209907532,0.6950379610061646,0.4419673979282379,0.6129114627838135,0.31757548451423645,0.4747301936149597,0.6087436079978943,0.4717598259449005,0.04054898023605347,0.6282736659049988,0.621390700340271,0.5811684131622314,0.5350654721260071,0.518726110458374,0.41931048035621643,0.5265802145004272,0.518726110458374,0.43106868863105774
img0022,0.529370129108429,0.4548802673816681,0.4925558269023895,0.7728313207626343,0.49570974707603455,0.6779747605323792,0.3202478885650635,0.49916982650756836,0.6535356640815735,0.47155293822288513,0.5808156132698059,0.5159945487976074,0.5851212739944458,0.5094257593154907,0.4914587140083313,0.49317696690559387,0.6238622665405273,0.7772225141525269,0.49317723512649536,0.4801483750343323
img0023,0.3194430470466614,0.5114927887916565,0.42246100306510925,0.7025700211524963,0.45107752084732056,0.5825490951538086,0.3548754155635834,0.5187204480171204,0.6105082035064697,0.4892805814743042,0.6249668598175049,0.5030845999717712,0.6189507246017456,0.4828731417655945,0.4931195080280304,0.5594553351402283,0.476027250289917,0.5398494005203247,0.5594553351402283,0.198499858379364
img0024,0.5027504563331604,0.6822508573532104,0.24214887619018555,0.6972782611846924,0.43779823184013367,0.6450605988502502,0.3117067813873291,0.5486247539520264,0.5788590312004089,0.4864583909511566,0.5701345801353455,0.6968863010406494,0.6023290157318115,0.6594350934028625,0.5372838377952576,0.525260865688324,0.4886063039302826,0.5415176153182983,0.5252608060836792,0.3949386775493622
img0025,0.5555232763290405,0.4929332435131073,0.4306294322013855,0.7301228046417236,0.4687812626361847,0.6326073408126831,0.650505781173706,0.790027379989624,0.6651899814605713,0.6574194431304932,0.6898653507232666,0.7601210474967957,0.7926087379455566,0.7915995717048645,0.7140557169914246,0.5832695960998535,0.5692019462585449,0.815761148929596,0.5832698345184326,0.05573783069849014
img0026,0.5440791845321655,0.4978713095188141,0.4348050057888031,0.7656790018081665,0.4213411211967468,0.6028299927711487,0.3106217682361603,0.5514216423034668,0.6159365773200989,0.632016122341156,0.6966583132743835,0.5717752575874329,0.5412138104438782,0.5282720327377319,0.5014373064041138,0.49496543407440186,0.47598516941070557,0.5551766157150269,0.49496543407440186,0.3643227219581604
img0027,0.13753198087215424,0.8278806209564209,0.20647360384464264,0.8145590424537659,0.8579391241073608,0.7630389928817749,0.5807364583015442,0.7235397100448608,0.7641815543174744,0.058736108243465424,0.47948670387268066,0.5871336460113525,0.5135957598686218,0.5468603372573853,0.5040234327316284,0.5295558571815491,0.463491290807724,0.574606716632843,0.5295558571815491,0.8125056624412537
img0028,0.5986592173576355,0.7103713750839233,0.39146023988723755,0.8165917992591858,0.5240882635116577,0.9161241054534912,0.7040526270866394,0.7263932228088379,0.4330132007598877,0.4258491098880768,0.8708690404891968,0.1531846672296524,0.6177584528923035,0.5489383339881897,0.5198061466217041,0.45807668566703796,0.49747493863105774,0.5578880310058594,0.45807668566703796,0.379888653755188
img0029,0.1097300574183464,0.8433055877685547,0.4763792157173157,0.2455540895462036,0.4136575162410736,0.6860640645027161,0.27981358766555786,0.579784095287323,0.5762330889701843,0.4466610848903656,0.6107819080352783,0.6684151887893677,0.17441771924495697,0.7808030843734741,0.754524290561676,0.5566296577453613,0.6706841588020325,0.8091428279876709,0.5566292405128479,0.5554661154747009
img0030,0.6372593641281128,0.7793501019477844,0.37515124678611755,0.8381352424621582,0.6324427127838135,0.682600736618042,0.2573128640651703,0.5609728097915649,0.4724158048629761,0.4251590371131897,0.598979651927948,0.6593349575996399,0.5947797298431396,0.4589332938194275,0.49744918942451477,0.4506044089794159,0.4734703600406647,0.4733913838863373,0.4506044089794159,0.40893200039863586
img0031,0.5916039347648621,0.5145200490951538,0.42864012718200684,0.5526784062385559,0.43789583444595337,0.7066595554351807,0.28753578662872314,0.5902700424194336,0.11330579966306686,0.804500937461853,0.6652485728263855,0.7179386615753174,0.8783104419708252,0.7367525100708008,0.7908300161361694,0.07956606149673462,0.46750596165657043,0.49280884861946106,0.45090940594673157,0.43639758229255676
img0032,0.5952757596969604,0.5985789895057678,0.6059566140174866,0.5105841159820557,0.4238707721233368,0.7251604199409485,0.5923599004745483,0.6220343708992004,0.25576508045196533,0.30430111289024353,0.4153485894203186,0.5096018314361572,0.4336113929748535,0.5207746624946594,0.3256310224533081,0.19286730885505676,0.8062947392463684,0.5690697431564331,0.19286730885505676,0.3273645341396332
img0033,0.6134931445121765,0.5488746762275696,0.5569414496421814,0.4800381362438202,0.4529183804988861,0.7272650003433228,0.33109086751937866,0.6491279006004333,0.13106773793697357,0.552096962928772,0.6152385473251343,0.7053016424179077,0.6776174902915955,0.5083124041557312,0.65842604637146,0.521512508392334,0.592751145362854,0.5087719559669495,0.521512508392334,0.4917807877063751
img0034,0.595124363899231,0.4905717074871063,0.4212726354598999,0.5155117511749268,0.4764472544193268,0.7123409509658813,0.2989296317100525,0.5766391158103943,0.4325827360153198,0.5103539228439331,0.669291615486145,0.6911182403564453,0.6194655895233154,0.488115519285202,0.5443994402885437,0.48380452394485474,0.4624509811401367,0.48628735542297363,0.48380452394485474,0.022764073684811592
img0035,0.5017582178115845,0.74033123254776,0.5201314687728882,0.2656186521053314,0.45824936032295227,0.7064082622528076,0.31469473242759705,0.6120643615722656,0.4328194558620453,0.4608314037322998,0.7359575033187866,0.6997391581535339,0.663883626461029,0.6460219025611877,0.6019490361213684,0.4047263562679291,0.7305846214294434,0.6825013160705566,0.4047263562679291,0.41990724205970764
img0036,0.6274678111076355,0.4482596218585968,0.4623750150203705,0.5000459551811218,0.4801904261112213,0.6918075680732727,0.3379819989204407,0.2902276813983917,0.15064950287342072,0.16005490720272064,0.49897095561027527,0.6882111430168152,0.6469663977622986,0.4940783679485321,0.5794872045516968,0.5345935821533203,0.4927072823047638,0.5155232548713684,0.5345935821533203,0.474114328622818
img0037,0.5946862101554871,0.4052301347255707,0.3459106981754303,0.4322654604911804,0.46201226115226746,0.6358659267425537,0.36509281396865845,0.5505039095878601,0.3616364598274231,0.50241619348526,0.7407653331756592,0.6232858896255493,0.561092734336853,0.4946715533733368,0.5951129198074341,0.5550270676612854,0.3776591420173645,0.49812817573547363,0.5550270676612854,0.4042351245880127
img0038,0.6113499999046326,0.43295878171920776,0.4051913022994995,0.4653386175632477,0.46241331100463867,0.6843491792678833,0.32259291410446167,0.6006383299827576,0.3721867501735687,0.5038166642189026,0.7421417832374573,0.6718246340751648,0.5622841715812683,0.5097315907478333,0.6027462482452393,0.5621259212493896,0.42417120933532715,0.16386361420154572,0.20592473447322845,0.17793691158294678
img0039,0.25925758481025696,0.437195360660553,0.6505877375602722,0.4228108525276184,0.14428265392780304,0.38618460297584534,0.4655405580997467,0.5324636101722717,0.4037366211414337,0.5391347408294678,0.7346747517585754,0.6847108006477356,0.5758124589920044,0.5210539698600769,0.6138969659805298,0.5730217695236206,0.46338897943496704,0.5528139472007751,0.5730217695236206,0.11866822838783264
img0040,0.6365775465965271,0.7971311807632446,0.1627742052078247,0.4185194671154022,0.43705204129219055,0.7061283588409424,0.28743991255760193,0.5723398923873901,0.3383897542953491,0.45259717106819153,0.719264805316925,0.6621367931365967,0.7056506872177124,0.7893481850624084,0.7142643332481384,0.534690260887146,0.6643037796020508,0.8381381630897522,0.5882467031478882,0.3754209280014038
img0041,0.6160615086555481,0.4390454590320587,0.46050459146499634,0.5115479826927185,0.4630037248134613,0.7081445455551147,0.26493120193481445,0.5514933466911316,0.41643112897872925,0.4449112117290497,0.704318642616272,0.6251047253608704,0.666906476020813,0.5118528604507446,0.5662974715232849,0.46651938557624817,0.49323517084121704,0.539207935333252,0.46651938557624817,0.38953110575675964
img0042,0.602376401424408,0.43505871295928955,0.4358469843864441,0.4738980829715729,0.43328607082366943,0.35152527689933777,0.46516039967536926,0.43410179018974304,0.2939518094062805,0.4420772194862366,0.6735148429870605,0.6342027187347412,0.6300972700119019,0.4716636538505554,0.5565900206565857,0.4548184871673584,0.47462350130081177,0.4942304790019989,0.4548184871673584,0.4003816545009613
img0043,0.580833375453949,0.4163029193878174,0.38810205459594727,0.39805519580841064,0.41138315200805664,0.6831227540969849,0.28286370635032654,0.5525625944137573,0.3209318518638611,0.4332485795021057,0.68305504322052,0.6209943890571594,0.587823212146759,0.458753764629364,0.5629593729972839,0.428588330745697,0.42432060837745667,0.4713718593120575,0.34745079278945923,0.46734705567359924
img0044,0.510443389415741,0.69486403465271,0.4310917854309082,0.7471591234207153,0.4384649395942688,0.7942807674407959,0.7156339883804321,0.7304849028587341,0.37930959463119507,-0.007784740068018436,0.7442790865898132,0.6308797597885132,0.5937037467956543,0.47302648425102234,0.5803391337394714,0.4818331003189087,0.4287228286266327,0.4852431118488312,0.06975165754556656,0.4163774847984314
img0045,0.5723653435707092,0.7234732508659363,0.4215600788593292,0.45328471064567566,0.4428773820400238,0.727382481098175,0.27871835231781006,0.6114475131034851,0.3692414164543152,0.4548574984073639,0.7425923943519592,0.6679270267486572,0.600663959980011,0.5283910632133484,0.5882195234298706,0.49188268184661865,0.4572121202945709,0.5449115633964539,0.49188268184661865,0.3642248213291168
img0046,0.6311062574386597,0.4707286059856415,0.37806475162506104,0.5063124895095825,0.5084092020988464,0.7130030393600464,0.3916776776313782,0.6046799421310425,0.45468729734420776,0.5439052581787109,0.7988035678863525,0.65852952003479,0.586073637008667,0.5870798826217651,0.6613113284111023,0.6225401163101196,0.4223244786262512,0.5962260961532593,0.6225401163101196,0.39373379945755005
img0047,0.6153485178947449,0.4452003538608551,0.393341064453125,0.5100958347320557,0.5007909536361694,0.712711751461029,0.3741858899593353,0.6044477224349976,0.4414001703262329,0.48265522718429565,0.7936486005783081,0.6406693458557129,0.5907748341560364,0.5561460852622986,0.6552278399467468,0.5651891231536865,0.4241434335708618,0.5678580403327942,0.5651891231536865,0.39791780710220337
img0048,0.6479646563529968,0.4627852439880371,0.40064436197280884,0.5372197031974792,0.5021480917930603,0.7161266207695007,0.41070473194122314,0.6263270378112793,0.4663851857185364,0.1946989893913269,0.8386439681053162,0.8530638813972473,0.6543304920196533,0.05057975649833679,0.7108474373817444,0.607147216796875,0.42981815338134766,0.5895940661430359,0.607147216796875,0.4292631149291992
img0049,0.6493077278137207,0.5050886869430542,0.38380196690559387,0.8007785081863403,0.53877854347229,0.8847995400428772,0.718319296836853,0.7242071032524109,0.4678567051887512,0.41689053177833557,0.8557913899421692,0.8871238827705383,0.6810194849967957,0.7243894338607788,0.7279158234596252,0.6305055618286133,0.39536288380622864,0.5957629084587097,0.6305055618286133,0.4249671399593353
img0050,0.5587214231491089,0.3910437524318695,0.43522921204566956,0.3482384979724884,0.09416668862104416,0.2861189842224121,0.4308227598667145,0.3801051080226898,0.13224667310714722,0.10272300988435745,0.2640089690685272,0.31918156147003174,0.2608802318572998,0.30570051074028015,0.1779206246137619,0.08158170431852341,0.6109084486961365,0.33611854910850525,0.08158185333013535,0.06425056606531143
img0051,0.4462714195251465,0.6451809406280518,0.5166177749633789,0.6364601850509644,0.35821548104286194,0.6685802340507507,0.6991283297538757,0.6897005438804626,0.33698558807373047,0.31724992394447327,0.6487138271331787,0.7050431966781616,0.590474009513855,0.4243943393230438,0.5608358383178711,0.465411901473999,0.40779364109039307,0.41732296347618103,0.465411901473999,0.4063335359096527
img0052,0.6067675352096558,0.7697260975837708,0.3516961634159088,0.7690974473953247,0.5711355209350586,0.7846238613128662,0.7241024971008301,0.7071118354797363,0.476559042930603,0.4067176282405853,0.7994870543479919,0.19600343704223633,0.589920699596405,0.42253074049949646,0.561629056930542,0.47346505522727966,0.42130619287490845,0.4178997576236725,0.47346505522727966,0.4275583028793335
img0053,0.5996848344802856,0.4435494840145111,0.4153405725955963,0.4539177119731903,0.4308890104293823,0.6893310546875,0.28757286071777344,0.5772949457168579,0.1263296753168106,0.18254278600215912,0.4334852397441864,0.4935894310474396,0.3494112491607666,0.45853692293167114,0.3194867968559265,0.17651943862438202,0.666965663433075,0.507046639919281,0.17651943862438202,0.15768392384052277
img0054,0.5324300527572632,0.6954173445701599,0.07156818360090256,0.4441332519054413,0.48936253786087036,0.7118143439292908,0.3166777193546295,0.5800961256027222,0.3539937734603882,0.46587857604026794,0.7815307378768921,0.07647068798542023,0.6168336868286133,0.650246262550354,0.6782956719398499,0.45871782302856445,0.6637774705886841,0.6876420974731445,0.007312507834285498,0.3947494328022003
img0055,0.5921504497528076,0.42205092310905457,0.407565712928772,0.4325770139694214,0.39461061358451843,0.8724783062934875,0.7280591726303101,0.736395001411438,0.4938555061817169,0.442345529794693,0.8570899367332458,0.8783463835716248,0.6837990880012512,0.7050248980522156,0.7398831248283386,0.532923698425293,0.6446188688278198,0.5201717019081116,0.584149956703186,0.38789525628089905
img0056,0.6217430233955383,0.47929832339286804,0.4406070113182068,0.505338728427887,0.5754619836807251,0.7331933975219727,0.3511284589767456,0.6274678111076355,0.41000574827194214,0.47292694449424744,0.8269623517990112,0.6979568004608154,0.600347638130188,0.17796768248081207,0.19518281519412994,0.1030120998620987,0.5498202443122864,0.5728606581687927,0.5786396265029907,0.40678852796554565
img0057,0.6903262138366699,0.5509496927261353,0.31803926825523376,0.8074878454208374,0.5135001540184021,0.8951368927955627,0.29104283452033997,0.6599097847938538,0.48556482791900635,0.4956902861595154,0.6845420598983765,0.08940240740776062,0.6439313888549805,0.7184212803840637,0.7420558929443359,0.6340007185935974,0.3611307144165039,0.6224088668823242,0.6340007185935974,0.39452219009399414
img0058,0.6935436129570007,0.07924231141805649,0.38197970390319824,0.7536583542823792,0.4545588791370392,0.7108105421066284,0.33895623683929443,0.5766259431838989,0.4069872200489044,0.4779015779495239,0.05062325298786163,0.8550328612327576,0.5961244106292725,0.6693041920661926,0.6876479387283325,0.4388664662837982,0.6426728367805481,0.6972770094871521,0.4388662278652191,0.43484193086624146
img0059,0.6903262138366699,0.5509496927261353,0.3336338698863983,0.5585532188415527,0.5839587450027466,0.7376881837844849,0.29104283452033997,0.6599097847938538,0.48556482791900635,0.4956902861595154,0.6845420598983765,0.7324004769325256,0.48747316002845764,0.5763227939605713,0.5808690190315247,0.6340007185935974,0.3611307144165039,0.6224088668823242,0.6340007185935974,0.39452219009399414
img0060,0.6683707237243652,0.5158707499504089,0.32577380537986755,0.5476317405700684,0.5298207402229309,0.6882385611534119,0.3161678612232208,0.6087696552276611,0.4858844578266144,0.06667619943618774,0.7602161169052124,0.8297204971313477,0.6667706966400146,0.7561918497085571,0.6697673797607422,0.49787938594818115,0.6787704825401306,0.786021888256073,0.4978797137737274,0.4640559256076813
img0061,0.2853236496448517,0.49955835938453674,0.594416618347168,0.4608704447746277,0.3951833248138428,0.6501593589782715,0.4262177050113678,0.5979202389717102,0.4592360854148865,0.5923479795455933,0.7438006401062012,0.6482272744178772,0.5252417325973511,0.4554319679737091,0.32279467582702637,0.23577110469341278,0.3267797529697418,0.6117717623710632,0.7285539507865906,0.37881284952163696
img0062,0.6292700171470642,0.4880790412425995,0.44712838530540466,0.5032070875167847,0.5240626335144043,0.7323434948921204,0.03325445204973221,0.4266887605190277,0.1625586301088333,0.24456365406513214,0.7953319549560547,0.7001489996910095,0.5967828035354614,0.5544845461845398,0.5876955986022949,0.546667218208313,0.47155216336250305,0.36245831847190857,0.09848669171333313,0.06324063241481781
img0063,0.3829071521759033,0.48600345849990845,0.49009624123573303,0.5392807126045227,0.5307433605194092,0.7634655237197876,0.3006960153579712,0.6513662338256836,0.4283689558506012,0.4477786719799042,0.7710707187652588,0.7198163866996765,0.6303943991661072,0.5448544025421143,0.5904499292373657,0.5153738260269165,0.5174438953399658,0.5681941509246826,0.5153738260269165,0.41976839303970337
img0064,0.6521919965744019,0.7233617305755615,0.30509185791015625,0.8429968953132629,0.5830487012863159,0.9467025399208069,0.655930757522583,0.7205009460449219,0.5142630338668823,0.44660770893096924,0.9303578734397888,0.9366999268531799,0.15257960557937622,0.5429927706718445,0.5938646793365479,0.5331146121025085,0.5070675611495972,0.5832424163818359,0.5331146121025085,0.40920495986938477
img0065,0.664394736289978,0.5259243249893188,0.4800020456314087,0.507156252861023,0.5673629641532898,0.8121110200881958,0.30864930152893066,0.6776861548423767,0.404318630695343,0.45312055945396423,0.7609074115753174,0.7479915022850037,0.6064571142196655,0.1609748899936676,0.773725152015686,0.5377320647239685,0.6286779046058655,0.555857241153717,0.5313542485237122,0.43538352847099304
img0066,0.5762525200843811,0.5659286379814148,0.4617903232574463,0.5248710513114929,0.6399780511856079,0.7904956936836243,0.35671544075012207,0.7176252007484436,0.4415537416934967,0.47889605164527893,0.7642831802368164,0.7222769856452942,0.5526554584503174,0.5728313326835632,0.5636563897132874,0.5743935108184814,0.4942089915275574,0.6284247636795044,0.5743935108184814,0.42537739872932434
img0067,0.664394736289978,0.1402302086353302,0.3727497160434723,0.8319501280784607,0.536601722240448,0.8121110200881958,0.30864930152893066,0.6776861548423767,0.404318630695343,0.45312055945396423,0.7609074115753174,0.3446921408176422,0.6938047409057617,0.7675537467002869,0.7737249135971069,0.5377333760261536,0.6286755204200745,0.7967484593391418,0.5377327799797058,0.5361067652702332
img0068,0.6047683358192444,0.7486690878868103,0.5613391995429993,0.5405177474021912,0.5401801466941833,0.8173716068267822,0.2868640720844269,0.7259117960929871,0.43023979663848877,0.46465110778808594,0.866945743560791,0.8860665559768677,0.7035319209098816,0.7003239989280701,0.7507736682891846,0.5194167494773865,0.6798146367073059,0.7306826114654541,0.5194167494773865,0.5325950384140015
img0069,0.566400945186615,0.6540880799293518,0.21788838505744934,0.703246533870697,0.5942791700363159,0.7740127444267273,0.3854522407054901,0.681536853313446,0.450472891330719,0.5007128119468689,0.7610544562339783,0.6905604600906372,0.5358495116233826,0.5789989829063416,0.549623429775238,0.5270987153053284,0.4822014272212982,0.5381835699081421,0.015565499663352966,0.41642746329307556
img0070,0.6040900945663452,0.4918819069862366,0.4072415828704834,0.4737032949924469,0.6096703410148621,0.7606034278869629,0.3649854362010956,0.6522321701049805,0.4047214984893799,0.5055760145187378,0.7743232250213623,0.6678641438484192,0.5633971691131592,0.5678547024726868,0.5685182213783264,0.1353457123041153,0.6532193422317505,0.41109102964401245,0.570514976978302,0.4148608446121216
img0071,0.5989696383476257,0.4644642472267151,0.562073290348053,0.5420076251029968,0.5277084112167358,0.08263591676950455,0.6844266057014465,0.6094341278076172,0.2820661664009094,0.5001797676086426,0.7284234166145325,0.6293862462043762,0.6248058676719666,0.5466522574424744,0.62513667345047,0.5049747824668884,0.5930622816085815,0.5826148390769958,0.25321313738822937,0.24826742708683014
img0072,0.6219806671142578,0.10465186089277267,0.5979530811309814,0.5256982445716858,0.5264168977737427,0.6950874328613281,0.07762961834669113,0.7044312953948975,0.5147677063941956,0.4344862401485443,0.7718076705932617,0.6057834029197693,0.6673922538757324,0.5227175951004028,0.5783597230911255,0.509036660194397,0.6299982666969299,0.5831968188285828,0.549910843372345,0.5557124018669128
img0073,0.5363960862159729,0.08816633373498917,0.5545573830604553,0.5109182000160217,0.543020486831665,0.6955124139785767,0.35107511281967163,0.6140897870063782,0.43365833163261414,0.49964332580566406,0.7359564304351807,0.6249775290489197,0.6164818406105042,0.5248788595199585,0.5979238748550415,0.5441669225692749,0.5797889232635498,0.5867196321487427,0.5441669225692749,0.47520193457603455
img0074,0.5578814148902893,0.6752204895019531,0.37114256620407104,0.7711727023124695,0.5332395434379578,0.8554631471633911,0.3850676417350769,0.592317521572113,0.43054312467575073,0.4818468391895294,0.7555447220802307,0.5812652707099915,0.6030898690223694,0.5418514013290405,0.6622177958488464,0.5288687944412231,0.5995640754699707,0.1814710944890976,0.4905489981174469,0.5187204480171204
img0075,0.5383687615394592,0.4353102445602417,0.6804544925689697,0.4871023893356323,0.46970415115356445,0.6873273849487305,0.3599226176738739,0.6120420694351196,0.3810087740421295,0.4304219186306,0.7054595351219177,0.5890527367591858,0.6163535118103027,0.48105308413505554,0.6611522436141968,0.48915818333625793,0.6928374171257019,0.5362948179244995,0.48915818333625793,0.3464289903640747
img0076,0.4065181314945221,0.4848679006099701,0.8121759295463562,0.14137350022792816,0.4277036190032959,0.7601304054260254,0.7652137875556946,0.6241905689239502,0.34791696071624756,0.3606806695461273,0.598881185054779,0.5877254605293274,0.6064504384994507,0.4417780339717865,0.6184520721435547,0.4199233949184418,0.7668690085411072,0.6981387734413147,0.41992291808128357,0.4090942442417145
img0077,0.5903698801994324,0.7451940774917603,0.4171558916568756,0.8070497512817383,0.5204792022705078,0.8800851702690125,0.7148347496986389,0.7235785126686096,0.4388088881969452,0.3723697364330292,0.8695739507675171,0.8963537216186523,0.6712807416915894,0.7144484519958496,0.7298175096511841,0.49805599451065063,0.6647018194198608,0.7179497480392456,0.49805599451065063,0.048102330416440964
img0078,0.3753771483898163,0.4577615559101105,0.8270161151885986,0.4416573643684387,0.3452567756175995,0.6119447350502014,0.27906307578086853,0.626883327960968,0.33168378472328186,0.23732516169548035,0.9127658009529114,0.9290369153022766,0.6824467182159424,0.3970719277858734,0.6181384325027466,0.41731753945350647,0.7936913371086121,0.4714021384716034,0.41731753945350647,0.2769324779510498
img0079,0.38570982217788696,0.45495811104774475,0.8329842686653137,0.46625134348869324,0.38963234424591064,0.6378278732299805,0.24149632453918457,0.5969284176826477,0.33911362290382385,0.36097222566604614,0.5841514468193054,0.5583434700965881,0.6188066601753235,0.5494970679283142,0.5824443697929382,0.3719870448112488,0.8317223191261292,0.4773270785808563,0.41137540340423584,0.3049248456954956
img0080,0.4165879487991333,0.4679221510887146,0.846015214920044,0.46384596824645996,0.4108434021472931,0.6068679094314575,0.7267563343048096,0.6881996393203735,0.3295290470123291,0.3612176179885864,0.5475016832351685,0.6365938782691956,0.5807220339775085,0.5912051796913147,0.4592234194278717,0.33611661195755005,0.7844578623771667,0.6431251764297485,0.41624659299850464,0.33728134632110596
img0081,0.32468947768211365,0.44150662422180176,0.9142025113105774,0.4699956178665161,0.3252396285533905,0.5364938378334045,0.1788802146911621,0.3372325897216797,0.2885098159313202,0.2577694058418274,0.5671181082725525,0.6355676054954529,0.48254069685935974,0.5061008334159851,0.4479401707649231,0.25205209851264954,0.8491644263267517,0.565697968006134,0.2520516812801361,0.2661243677139282
img0082,0.24483336508274078,0.4454772472381592,0.5313596725463867,0.4415847957134247,0.31985655426979065,0.5615319013595581,0.19795642793178558,0.5606353878974915,0.31698623299598694,0.3217734694480896,0.3854711651802063,0.4577895700931549,0.3686351776123047,0.3486590087413788,0.5634306073188782,0.3629157841205597,0.903240442276001,0.414285272359848,0.3629157841205597,0.32647597789764404
img0083,0.33370018005371094,0.45843398571014404,0.9030402898788452,0.4428427815437317,0.34939098358154297,0.5483338236808777,0.18419668078422546,0.5275015234947205,0.32028928399086,0.36084669828414917,0.5291052460670471,0.49942824244499207,0.6643245816230774,0.3403700590133667,0.5336639285087585,0.3685702085494995,0.9153173565864563,0.4129360020160675,0.3685702085494995,0.3694755733013153
img0084,0.49192485213279724,0.4635597765445709,0.7704593539237976,0.03624885529279709,0.565263569355011,0.9072118997573853,0.6744171380996704,0.6921119689941406,0.46485090255737305,0.3964724540710449,0.9175183773040771,0.9106349945068359,0.6886746883392334,0.6976600885391235,0.7731693387031555,0.5311251878738403,0.787418782711029,0.5357792973518372,0.5311251878738403,0.4489414095878601
img0085,0.5825386047363281,0.4362231194972992,0.42442163825035095,0.4585045874118805,0.47409728169441223,0.5634250640869141,0.45378321409225464,0.5944914817810059,0.42948177456855774,0.6821413040161133,0.6550859212875366,0.596886157989502,0.48057490587234497,0.5917126536369324,0.6616014242172241,0.7502696514129639,0.4487060308456421,0.6178245544433594,0.7502696514129639,0.39436477422714233
img0086,0.5798465013504028,0.4054219126701355,0.3384579122066498,0.4104121923446655,0.4708292782306671,0.49489882588386536,0.5739179849624634,0.5263672471046448,0.44029882550239563,0.6362596154212952,0.6469390988349915,0.4822009801864624,0.4552837312221527,0.5564168691635132,0.5929111838340759,0.7060151100158691,0.3702113926410675,0.5786170363426208,0.7060151100158691,0.4006311297416687
img0087,0.46400704979896545,0.41453874111175537,0.3367886245250702,0.4567420482635498,0.4776509404182434,0.492005318403244,0.4679092764854431,0.14833416044712067,0.5293330550193787,0.44505420327186584,0.8816936612129211,0.9131959676742554,0.7131467461585999,0.7693824172019958,0.7985804677009583,0.5947506427764893,0.5571237206459045,0.7677099108695984,0.5947506427764893,0.5874237418174744
img0088,0.6954562067985535,0.7572389841079712,0.3489002287387848,0.5949382185935974,0.44246330857276917,0.6331428289413452,0.24932695925235748,0.6040060520172119,0.5485062599182129,0.5306814312934875,0.6210648417472839,0.4972229301929474,0.7249349355697632,0.7932369112968445,0.7902986407279968,0.48626020550727844,0.48774272203445435,0.8806241750717163,0.4862602949142456,0.30650991201400757
img0089,0.5952515006065369,0.4580366909503937,0.4819783568382263,0.5668292045593262,0.5029309988021851,0.6901322603225708,0.372300922870636,0.6276426315307617,0.48426905274391174,0.5370755195617676,0.7287142872810364,0.6306731700897217,0.5781418085098267,0.3982308506965637,0.28891560435295105,0.15825293958187103,0.31051045656204224,0.6301408410072327,0.5788643956184387,0.37540820240974426
img0090,0.631096363067627,0.4494818449020386,0.4711495041847229,0.5527920126914978,0.5050103068351746,0.7140333652496338,0.3843268156051636,0.6160919666290283,0.4733276665210724,0.5365183353424072,0.7780478596687317,0.6278781890869141,0.6186358332633972,0.6045528054237366,0.6432439684867859,0.5712810158729553,0.5059100985527039,0.6159361004829407,0.39839887619018555,0.42483359575271606
img0091,0.6349967122077942,0.7387695908546448,0.3662639260292053,0.8230175375938416,0.15090537071228027,0.6383535861968994,0.26343318819999695,0.615067720413208,0.5331264734268188,0.4459596276283264,0.8673983812332153,0.9016083478927612,0.20905782282352448,0.8716919422149658,0.49371570348739624,0.48278602957725525,0.4832729995250702,0.8875993490219116,0.48278602957725525,0.3142933249473572
img0092,0.49320799112319946,0.5319034457206726,0.40801331400871277,0.8765661716461182,0.557455837726593,0.8659207820892334,0.7254402041435242,0.790848970413208,0.5742975473403931,0.5107073783874512,0.8157697916030884,0.18952950835227966,0.5263237357139587,0.8855003118515015,0.4887891709804535,0.5237057209014893,0.49617764353752136,0.9107759594917297,0.5237057209014893,0.29582828283309937
img0093,0.4916035532951355,0.5301851034164429,0.49134862422943115,0.5863488912582397,0.4457911252975464,0.6298050880432129,0.29660630226135254,0.6388488411903381,0.5406615734100342,0.5486680865287781,0.609790563583374,0.5747044086456299,0.535091757774353,0.8514072895050049,0.47120919823646545,0.5074849724769592,0.5138662457466125,0.9016351103782654,0.31791478395462036,0.30174878239631653
img0094,0.5176551342010498,0.04923056438565254,0.4104437232017517,0.4694240391254425,0.5016467571258545,0.6957236528396606,0.34073227643966675,0.5295324921607971,0.40085670351982117,0.5416905879974365,0.7485594749450684,0.5837215781211853,0.6513068079948425,0.5100830793380737,0.09493155777454376,0.4786781668663025,0.47945812344551086,0.48501893877983093,0.5283501744270325,0.40409472584724426
img0095,0.6279574036598206,0.4126393496990204,0.4269953966140747,0.518288254737854,0.5556545853614807,0.6984606981277466,0.4067589342594147,0.6214561462402344,0.30821022391319275,0.2591777443885803,0.7951860427856445,0.6231245398521423,0.6879670023918152,0.5601752400398254,0.5957067608833313,0.5699102282524109,0.4824248254299164,0.5720239281654358,0.5699102282524109,0.4273681342601776
img0096,0.5113812685012817,0.10126210004091263,0.3585699796676636,0.7680180072784424,0.5198617577552795,0.6446793675422668,0.30091044306755066,0.48270565271377563,0.2589965760707855,0.49507084488868713,0.5923137664794922,0.5286315083503723,0.5108053684234619,0.6275385618209839,0.7241659760475159,0.47460615634918213,0.10426436364650726,0.41221264004707336,0.43275994062423706,0.41032662987709045
img0097,0.4951725900173187,0.436579167842865,0.5942649841308594,0.4713842272758484,0.4696180820465088,0.7441285848617554,0.2783067524433136,0.6261602640151978,0.3626178801059723,0.43974804878234863,0.6630074381828308,0.617300271987915,0.6395140886306763,0.469306617975235,0.5870782136917114,0.4383687376976013,0.604868471622467,0.5064934492111206,0.4383687376976013,0.3859890103340149
img0098,0.4831209182739258,0.38827118277549744,0.5839067697525024,0.5182120203971863,0.45348504185676575,0.6892569065093994,0.23711080849170685,0.5594784617424011,0.39935362339019775,0.4317065477371216,0.6044286489486694,0.5722733736038208,0.6107170581817627,0.4318667948246002,0.5680670738220215,0.42095524072647095,0.5850797891616821,0.47447389364242554,0.42095524072647095,0.39477235078811646
img0099,0.47762078046798706,0.3826754689216614,0.5896931290626526,0.5300954580307007,0.4537178874015808,0.666424572467804,0.2190244197845459,0.5417085289955139,0.40576860308647156,0.4223800301551819,0.6095547080039978,0.557905912399292,0.6106479167938232,0.4282948672771454,0.5467600226402283,0.40779876708984375,0.5905473828315735,0.47140008211135864,0.40779876708984375,0.39494308829307556
img0100,0.47762078046798706,0.3826754689216614,0.5896931290626526,0.5300954580307007,0.4537178874015808,0.666424572467804,0.2190244197845459,0.5354734063148499,0.2237914800643921,0.21224342286586761,0.42104005813598633,0.4841005206108093,0.4076080322265625,0.4568755328655243,0.3194594979286194,0.1635303497314453,0.759400486946106,0.5126715302467346,0.16353102028369904,0.14283616840839386
img0101,0.4875469207763672,0.6974552869796753,0.4227510988712311,0.3226337432861328,0.42317476868629456,0.6262373924255371,0.31606143712997437,0.49020740389823914,0.2626968026161194,0.47360897064208984,0.6169235110282898,0.5314523577690125,0.541132926940918,0.3987188935279846,0.5344001650810242,0.4362431466579437,0.4405779540538788,0.42517200112342834,0.4362431466579437,0.4121829867362976
img0102,0.08757755905389786,0.6974543333053589,0.5253506302833557,0.7230029702186584,0.20163914561271667,0.6262373924255371,0.31606143712997437,0.49020740389823914,0.2626968026161194,0.47360897064208984,0.6169235110282898,0.5314523577690125,0.541132926940918,0.3987188935279846,0.5344001650810242,0.4362431466579437,0.4405779540538788,0.42517200112342834,0.4362431466579437,0.4121829867362976
img0103,0.6392531394958496,0.4239847660064697,0.45488297939300537,0.49038413166999817,0.4937022030353546,0.7182538509368896,0.30000412464141846,0.5687903761863708,0.41709497570991516,0.5114147663116455,0.7395384311676025,0.6138274669647217,0.6773972511291504,0.505490243434906,0.5648919939994812,0.47605985403060913,0.497886061668396,0.5200977325439453,0.47605985403060913,0.4697750210762024
img0104,0.6086567640304565,0.47507959604263306,0.5273818373680115,0.5949588418006897,0.5099125504493713,0.6969773173332214,0.37508854269981384,0.6340537071228027,0.49332380294799805,0.531552255153656,0.8078814744949341,0.6203526258468628,0.5693318247795105,0.5298436284065247,0.44237199425697327,0.2617316246032715,0.7597167491912842,0.5916454195976257,0.2617316246032715,0.22733372449874878
img0105,0.5810465812683105,0.466968834400177,0.5179654955863953,0.5666093826293945,0.5373021364212036,0.6910738348960876,0.41193071007728577,0.21352635324001312,0.3946712911128998,0.40617337822914124,0.18856966495513916,0.5926153063774109,0.7042137980461121,0.5840463638305664,0.5619450211524963,0.5781958699226379,0.5710693597793579,0.6417056322097778,0.5781958699226379,0.45012542605400085
img0106,0.65496426820755,0.4821065366268158,0.5173318982124329,0.07669638097286224,0.4555400609970093,0.7805812954902649,0.7247991561889648,0.5846532583236694,0.3581930696964264,0.2841203510761261,0.7893503308296204,0.7849476933479309,0.6368138790130615,0.574202835559845,0.6374756097793579,0.41858574748039246,0.6619058847427368,0.57742840051651,0.5423147678375244,0.4934450089931488
img0107,0.5023444890975952,0.295590877532959,0.3019777536392212,0.25303536653518677,0.4553453326225281,0.5320699214935303,0.04611620306968689,0.7097351551055908,0.6729501485824585,0.6066036820411682,0.8312764167785645,0.846907913684845,0.8278664946556091,0.3975345492362976,0.5421220660209656,0.4952836036682129,0.3567385673522949,0.4046470522880554,0.4952836036682129,0.013730189763009548
img0108,0.351017028093338,0.6157484650611877,0.6533031463623047,0.6008946299552917,0.2897915840148926,0.5666432976722717,0.734772801399231,0.5676886439323425,0.39719143509864807,0.484259694814682,0.7262292504310608,0.5866236686706543,0.6745191812515259,0.49720320105552673,0.07998389005661011,0.26871535181999207,0.7725303769111633,0.5544624328613281,0.48594582080841064,0.4146897792816162
img0109,0.560773491859436,0.4354376792907715,0.628208577632904,0.4750596880912781,0.4612719714641571,0.7042567133903503,0.3631066679954529,0.5919093489646912,0.38754570484161377,0.5000513195991516,0.745421826839447,0.616806149482727,0.7034698128700256,0.5024214386940002,0.6505873203277588,0.5077558755874634,0.6552459001541138,0.5300853252410889,0.5077558755874634,0.4404413104057312
img0110,0.5115350484848022,0.4381827414035797,0.6330525875091553,0.6063059568405151,0.5137752890586853,0.6656718254089355,0.717919647693634,0.653298556804657,0.333823025226593,0.29071927070617676,0.7232843041419983,0.7705647945404053,0.5655519962310791,0.5810218453407288,0.5757774114608765,0.359406977891922,0.7412552833557129,0.6210812330245972,0.35940709710121155,0.37739068269729614
img0111,0.17654217779636383,0.39292770624160767,0.457994282245636,0.6469824910163879,0.612400472164154,0.6247904896736145,0.45983803272247314,0.5510014295578003,0.6042698621749878,0.5795702934265137,0.7815213203430176,0.5964323282241821,0.6034937500953674,0.5919995903968811,0.6538569927215576,0.6795597672462463,0.511725127696991,0.6102818250656128,0.6795597672462463,0.37074580788612366
img0112,0.5813672542572021,0.39402663707733154,0.4160770773887634,0.07107874751091003,0.14211073517799377,0.32946309447288513,0.4874195456504822,0.45070499181747437,0.18166759610176086,0.15733884274959564,0.2955092787742615,0.36594662070274353,0.32486820220947266,0.3717830777168274,0.6365459561347961,0.6836042404174805,0.47670191526412964,0.5989028811454773,0.6836042404174805,0.38280877470970154
img0113,0.5613289475440979,0.1122748851776123,0.6195748448371887,0.6227641701698303,0.32613494992256165,0.5897102355957031,0.6747735738754272,0.7475627660751343,0.31001102924346924,0.6359706521034241,0.7582464218139648,0.590538740158081,0.5237438678741455,0.5457426309585571,0.4666767120361328,0.3255208730697632,0.7109485864639282,0.564660906791687,0.747575581073761,0.38206830620765686
img0114,0.4887198805809021,0.45152854919433594,0.6471654772758484,0.5964356064796448,0.48934951424598694,0.6773781776428223,0.2508152723312378,0.5842210650444031,0.245406836271286,0.2223915457725525,0.2844916582107544,0.5636945962905884,0.6865370273590088,0.47767800092697144,0.575376570224762,0.4646458327770233,0.6539285182952881,0.5369011163711548,0.4646458327770233,0.4146736264228821
img0115,0.8133568167686462,0.7394193410873413,0.15456847846508026,0.7521796822547913,0.864608883857727,0.7507489323616028,-0.004387243650853634,0.5447049736976624,0.392975777387619,0.448160320520401,0.5326266288757324,0.5365332961082458,0.6221681833267212,0.4235193431377411,0.5426471829414368,0.37815988063812256,0.6382920742034912,0.46780455112457275,0.37815988063812256,0.3906218707561493
img0116,0.38665780425071716,0.42795220017433167,0.6363474130630493,0.5108460783958435,0.9444043040275574,0.5480907559394836,0.37199243903160095,0.4769643545150757,0.6803844571113586,0.6912030577659607,0.5533642172813416,0.5602681636810303,0.7522358298301697,0.5519997477531433,0.6837670207023621,0.4342022240161896,0.6517725586891174,0.4691576659679413,0.4342022240161896,0.4061223864555359
img0117,0.3815934360027313,0.40957245230674744,0.6246094107627869,0.5196326375007629,0.44562146067619324,0.6002448797225952,0.44152939319610596,0.5611701607704163,0.009905763901770115,0.47235026955604553,0.5565279126167297,0.4994140565395355,0.635600745677948,0.38856542110443115,0.5107920169830322,0.4274474084377289,0.635307788848877,0.46247801184654236,0.4274474084377289,0.3921050727367401
img0118,0.41887059807777405,0.40999579429626465,0.3724767863750458,0.8266525864601135,0.6873109340667725,0.23031552135944366,0.1976207196712494,0.5258639454841614,0.38206908106803894,0.48233938217163086,0.5547668933868408,0.5247368812561035,0.6224227547645569,0.357546329498291,0.11724594980478287,0.6400527954101562,0.5927391648292542,0.7171007990837097,0.45363444089889526,0.433462530374527
img0119,0.3939932882785797,0.44058454036712646,0.5688307285308838,0.5075324177742004,0.4323911666870117,0.6560351848602295,0.18867526948451996,0.5623487830162048,0.5762482285499573,0.46867096424102783,0.05624278634786606,0.5449703335762024,0.5951634645462036,0.3743702173233032,0.48606812953948975,0.44306355714797974,0.5771071910858154,0.44798171520233154,0.44306355714797974,0.04747781157493591
img0120,0.6420580148696899,0.7915105819702148,0.4193849563598633,0.8297028541564941,0.6026184558868408,0.793897271156311,0.728220522403717,0.6892227530479431,0.5377916097640991,0.5093280673027039,0.7550780177116394,0.8050666451454163,0.7825096845626831,0.6814600825309753,0.5831418037414551,0.5543357729911804,0.6569511294364929,0.5467780828475952,0.5543357729911804,0.47556445002555847
img0121,0.5067319869995117,0.44064202904701233,0.6200414896011353,0.6614373326301575,0.5460814833641052,0.6388270258903503,0.3416610360145569,0.5920389890670776,0.5795645713806152,0.5497751235961914,0.5020073056221008,0.5727697610855103,0.41379159688949585,0.5138792991638184,0.3696903586387634,0.20830753445625305,0.772897481918335,0.5750420093536377,0.2083059847354889,0.18583866953849792
img0122,0.5003080368041992,0.4135069251060486,0.5821830630302429,0.6303740739822388,0.4607355296611786,0.5959954857826233,0.29458087682724,0.5782171487808228,0.5348845720291138,0.5204141139984131,0.6715894341468811,0.5038080811500549,0.7040918469429016,0.5760103464126587,0.6504409313201904,0.5133082866668701,0.604621410369873,0.5973944067955017,0.5133082866668701,0.39185336232185364
img0123,0.49498793482780457,0.3673942983150482,0.49126213788986206,0.5794108510017395,0.5132001042366028,0.549301028251648,0.6255841851234436,0.6059369444847107,0.3155331611633301,0.3327725827693939,0.5228898525238037,0.5685902833938599,0.47577014565467834,0.5463361740112305,0.4271535873413086,0.2999408543109894,0.7111976146697998,0.6246029138565063,0.2999400198459625,0.27224841713905334
img0124,0.2561955153942108,0.46879342198371887,0.36762377619743347,0.4869772791862488,0.5417242050170898,0.45564010739326477,0.5272647738456726,0.5012014508247375,0.49613848328590393,0.6082147359848022,0.6980666518211365,0.43920159339904785,0.5079815983772278,0.5858729481697083,0.5527467131614685,0.7322964072227478,0.4287186861038208,0.6354955434799194,0.7322964072227478,0.361383855342865
img0125,0.5871967673301697,0.4743226170539856,0.495512455701828,0.5095920562744141,0.5838220119476318,0.6865678429603577,0.406646728515625,0.6207380294799805,0.4377209544181824,0.5379149317741394,0.6484251022338867,0.6916900277137756,0.5227298736572266,0.5786711573600769,0.5249912142753601,0.33829593658447266,0.695571780204773,0.6545840501785278,0.33829519152641296,0.34145504236221313
img0126,0.4805814325809479,0.5226746797561646,0.4528833031654358,0.5738012194633484,0.5039359331130981,0.6386443376541138,0.3284471929073334,0.6546006202697754,0.543727695941925,0.5622629523277283,0.6390454173088074,0.69407057762146,0.5376129150390625,0.6207625865936279,0.5248762965202332,0.34311994910240173,0.708383321762085,0.6899164319038391,0.34311994910240173,0.3380088806152344
img0127,0.19863450527191162,0.5376213788986206,0.45944327116012573,0.5659475326538086,0.5231876373291016,0.691230058670044,0.3552534282207489,0.6524545550346375,0.5523270964622498,0.6078097224235535,0.6874807476997375,0.6439311504364014,0.5253849029541016,0.848167896270752,0.616531252861023,0.5791742205619812,0.46293285489082336,0.7608764171600342,0.44374674558639526,0.4430859684944153
img0128,0.5467482209205627,0.7148870229721069,0.4977433383464813,0.701271116733551,0.4063856303691864,0.6829892992973328,0.6879117488861084,0.8208075165748596,0.44121190905570984,0.4947167932987213,0.619658887386322,0.7174726724624634,0.5981667041778564,0.7643118500709534,0.6162741780281067,0.6849736571311951,0.37602758407592773,0.8160505294799805,0.6849736571311951,0.3354550004005432
img0129,0.6002471446990967,0.536996603012085,0.45902398228645325,0.5656309723854065,0.5230427980422974,0.6904672384262085,0.3554161489009857,0.6518052816390991,0.5522037148475647,0.608018159866333,0.6872997283935547,0.6435210108757019,0.5248404145240784,0.8482758402824402,0.61662757396698,0.5798183679580688,0.46253734827041626,0.8629366159439087,0.5798183679580688,0.3317444920539856
img0130,0.5362313389778137,0.5227952003479004,0.4526286721229553,0.5737497806549072,0.5042896270751953,0.6388229727745056,0.3288606107234955,0.209832102060318,0.34480154514312744,0.33275464177131653,0.639323353767395,0.6237834692001343,0.4821809232234955,0.8756132125854492,0.5645246505737305,0.584615170955658,0.44776004552841187,0.9017448425292969,0.584615170955658,0.285305917263031
img0131,0.337016224861145,0.5693680047988892,0.5746888518333435,0.4996716380119324,0.28160426020622253,0.5092412829399109,0.6181790232658386,0.6155748963356018,0.30451256036758423,0.2666291296482086,0.46950170397758484,0.5399288535118103,0.44853708148002625,0.44439131021499634,0.5560752153396606,0.5796341300010681,0.4338289797306061,0.8989043831825256,0.5796341300010681,0.2830292284488678
img0132,0.634276807308197,0.5134229063987732,0.341730535030365,0.40945860743522644,0.19140419363975525,0.39518165588378906,0.5683159232139587,0.4957791566848755,0.22294262051582336,0.17486299574375153,0.37449130415916443,0.4314710199832916,0.39732933044433594,0.6901245713233948,0.6242586970329285,0.6537997722625732,0.468219518661499,0.737495481967926,0.6537997722625732,0.16028223931789398
img0133,0.16635827720165253,0.37303033471107483,0.3465687334537506,0.5844042897224426,0.5167577862739563,0.5972268581390381,0.32980671525001526,0.6093104481697083,0.560624897480011,0.5724896788597107,0.6580681204795837,0.3091377317905426,0.2634114623069763,0.3727782070636749,0.40266773104667664,0.594155490398407,0.44271644949913025,0.9239452481269836,0.594155490398407,0.28395822644233704
img0134,0.5151346921920776,0.5099900960922241,0.45342719554901123,0.5816085934638977,0.4823874235153198,0.5972482562065125,0.3058963418006897,0.6132585406303406,0.5465487837791443,0.5573626756668091,0.6330159306526184,0.5784117579460144,0.48982715606689453,0.8799849152565002,0.496794193983078,0.5510527491569519,0.452239453792572,0.938833475112915,0.5510527491569519,0.27257853746414185
img0135,0.5306865572929382,0.4890942871570587,0.428505539894104,0.5312275886535645,0.4549296498298645,0.5963284969329834,0.33901816606521606,0.5989575982093811,0.5207076072692871,0.5912825465202332,0.6457449197769165,0.5616597533226013,0.5090347528457642,0.8763898015022278,0.4920344352722168,0.34212934970855713,0.7211320996284485,0.742904543876648,0.3421272039413452,0.3210247755050659
img0136,0.44937822222709656,0.6868444085121155,0.5110832452774048,0.6825587153434753,0.39292916655540466,0.6175631880760193,0.786993682384491,0.6435073614120483,0.2171318680047989,0.5802182555198669,0.6212095618247986,0.5494786500930786,0.5015329718589783,0.8714059591293335,0.4824848473072052,0.5686622858047485,0.6883233785629272,0.6587967872619629,0.3548305332660675,0.17284992337226868
img0137,0.47635895013809204,0.4643000066280365,0.4317631721496582,0.5305613875389099,0.45266133546829224,0.5567993521690369,0.3686975836753845,0.5870591998100281,0.5136199593544006,0.5707395076751709,0.6276520490646362,0.5033988356590271,0.5186078548431396,0.8257812261581421,0.4711340069770813,0.5587115287780762,0.46516910195350647,0.8855317831039429,0.5587115287780762,0.3350931406021118
img0138,0.4905751347541809,0.4524591565132141,0.42885613441467285,0.5250030755996704,0.4625985026359558,0.543172299861908,0.426181823015213,0.5898361802101135,0.5077157020568848,0.5923619866371155,0.6906383633613586,0.7313406467437744,0.6064596772193909,0.19370584189891815,0.5013775825500488,0.6121493577957153,0.46222901344299316,0.8281566500663757,0.6121493577957153,0.358885258436203
img0139,0.4618479013442993,0.3780253827571869,0.42258724570274353,0.4419352412223816,0.41395604610443115,0.13633407652378082,0.33182165026664734,0.31355613470077515,0.3769156336784363,0.5426981449127197,0.6427690386772156,0.42456814646720886,0.5033167600631714,0.5131571888923645,0.5106983184814453,0.5691636800765991,0.49897289276123047,0.25722119212150574,0.050891753286123276,0.3940180242061615
img0140,0.5731826424598694,0.5304852724075317,0.5849404335021973,0.5479007363319397,0.5477930307388306,0.7761960029602051,0.3461347222328186,0.6690999865531921,0.46271130442619324,0.5282596945762634,0.7804628610610962,0.6233037710189819,0.7989296317100525,0.5414988398551941,0.5824781656265259,0.5205280184745789,0.6444700360298157,0.6074991226196289,0.5205280184745789,0.5380403399467468
img0141,0.5545808672904968,0.4484236538410187,0.5508456230163574,0.5540086030960083,0.5022692680358887,0.707949161529541,0.3480323255062103,0.6056559681892395,0.46014073491096497,0.5315393805503845,0.7425402402877808,0.5695791840553284,0.7797661423683167,0.5025088787078857,0.5442741513252258,0.5215012431144714,0.615818440914154,0.5849582552909851,0.5215012431144714,0.4982181191444397
img0142,0.5632873177528381,0.456544429063797,0.530412495136261,0.5237818360328674,0.46866917610168457,0.7009089589118958,0.7528665065765381,0.7224257588386536,0.5240763425827026,0.44516292214393616,0.7832156419754028,0.8256392478942871,0.7071834206581116,0.6955274939537048,0.7012932896614075,0.5051649808883667,0.6690565347671509,0.7242320775985718,0.5051674246788025,0.4890435039997101
img0143,0.7667791843414307,0.0635162964463234,0.5141950845718384,0.5436451435089111,0.570075511932373,0.8566787242889404,0.23658952116966248,0.7932618260383606,0.44320985674858093,0.37804916501045227,0.6043362617492676,0.7416794300079346,0.6206386089324951,0.5241784453392029,0.4886466860771179,0.4296165406703949,0.5452902317047119,0.29140815138816833,0.6596578359603882,0.6426608562469482
img0144,0.045231256633996964,0.6963257193565369,0.5155519843101501,0.5528389811515808,0.5598675608634949,0.8728528022766113,0.23230412602424622,0.3401373028755188,0.7920412421226501,0.5486615300178528,0.8427724242210388,0.7490438222885132,0.5955655574798584,0.5151860117912292,0.49602237343788147,0.41211238503456116,0.5319371819496155,0.5473088026046753,0.41211238503456116,0.7220133543014526
img0145,0.8809195160865784,0.7807781100273132,0.15845106542110443,0.8725152015686035,0.7914006114006042,0.8709668517112732,0.2731710374355316,0.7668979167938232,0.4247909188270569,0.37121453881263733,0.6009140014648438,0.7426121234893799,0.5678836107254028,0.5028263330459595,0.5285463333129883,0.8112731575965881,0.3733847141265869,0.7289534211158752,0.0843406543135643,0.43679749965667725
img0146,0.49057865142822266,0.7083918452262878,0.551472544670105,0.5847452878952026,0.5690317153930664,0.1998073011636734,0.7007614970207214,0.7857493162155151,0.3978893458843231,0.4597500264644623,0.7804931998252869,0.8555586934089661,0.6574167609214783,0.7375723123550415,0.6651180982589722,0.48379847407341003,0.6545875668525696,0.5975655913352966,0.43671512603759766,0.3732692301273346
img0147,0.524505078792572,0.7306860685348511,0.4695177674293518,0.5609598159790039,0.597383975982666,0.7836102247238159,0.30223381519317627,0.8699404001235962,0.7144255638122559,0.7662079334259033,0.817715585231781,0.8843818306922913,0.8283825516700745,0.9265702962875366,0.8506496548652649,0.7540193200111389,0.44895774126052856,0.8717460632324219,0.7540196776390076,0.6862757802009583
img0148,0.8393180966377258,0.8361331224441528,0.2813667058944702,0.7859756350517273,0.689542293548584,0.21619325876235962,0.49415361881256104,0.49063873291015625,0.43355679512023926,0.6425699591636658,0.5699803829193115,0.514191210269928,0.341605007648468,0.47641828656196594,0.48360931873321533,0.5860044956207275,0.405092716217041,0.815065860748291,0.7503978610038757,0.34700894355773926
img0149,0.5427945256233215,0.4002605080604553,0.3100951313972473,0.41253840923309326,0.5085890293121338,0.47297078371047974,0.5339364409446716,0.5394250750541687,0.42829057574272156,0.6614616513252258,0.5368378758430481,0.521086573600769,0.37944385409355164,0.4722592234611511,0.5955192446708679,0.7529756426811218,0.3444111943244934,0.5122588872909546,0.7529756426811218,0.42258065938949585
img0150,0.6194095015525818,0.5455403327941895,0.5639435648918152,0.5836960673332214,0.5548604726791382,0.7417133450508118,0.3853006958961487,0.7109903693199158,0.4965546727180481,0.5394712090492249,0.8907208442687988,0.9344645738601685,0.7586652040481567,0.7798007726669312,0.79839026927948,0.5863257050514221,0.6267380714416504,0.7988820672035217,0.5863266587257385,0.5931552648544312
img0151,0.5013912320137024,0.672758936882019,0.45666971802711487,0.7448813319206238,0.4592086374759674,0.6913485527038574,0.295675128698349,0.6055389642715454,0.4161710739135742,0.40839338302612305,0.7210789322853088,0.6642357110977173,0.6237561702728271,0.6195538640022278,0.6374355554580688,0.4104045629501343,0.6961290836334229,0.6640098690986633,0.4104045629501343,0.4283546209335327
img0152,0.5352916121482849,0.4800686240196228,0.6148717403411865,0.5211635828018188,0.4559100568294525,0.6610823273658752,0.2931286692619324,0.5997352600097656,0.05906496196985245,0.29014459252357483,0.7608559131622314,0.8022170066833496,0.5770097374916077,0.6047605872154236,0.6231921911239624,0.08115653693675995,0.6351416707038879,0.6136488318443298,0.5050969123840332,0.3445208966732025
img0153,0.5433817505836487,0.4953622817993164,0.6533986926078796,0.561653196811676,0.47806140780448914,0.6746699213981628,0.3065612316131592,0.6259796023368835,0.4594053626060486,0.45486918091773987,0.7259975075721741,0.6544045209884644,0.6536145806312561,0.5755646228790283,0.5934644341468811,0.49920448660850525,0.6721544861793518,0.6245168447494507,0.49920448660850525,0.34485435485839844
img0154,0.5650596022605896,0.49928542971611023,0.6646023392677307,0.5651471614837646,0.4960933327674866,0.6866376399993896,0.33622798323631287,0.6532614231109619,0.45661911368370056,0.46373260021209717,0.7308387160301208,0.6650022268295288,0.651522159576416,0.5543375015258789,0.6019284725189209,0.5279806852340698,0.6870198845863342,0.6305941939353943,0.5279806852340698,0.34594056010246277
img0155,0.6244458556175232,0.5066018104553223,0.445549339056015,0.5863751173019409,0.5407149791717529,0.7037354707717896,0.36662521958351135,0.637288510799408,0.48896390199661255,0.510736882686615,0.7817524075508118,0.7183959484100342,0.6041156649589539,0.5999920964241028,0.5796486139297485,0.612068772315979,0.18775278329849243,0.3430158197879791,0.07695561647415161,0.06193353980779648
img0156,0.4282323718070984,0.6202669143676758,0.44887906312942505,0.6634488105773926,0.3965928852558136,0.7002197504043579,0.6998293995857239,0.6282013654708862,0.45976579189300537,0.47171786427497864,0.7409042716026306,0.6707630157470703,0.6121894717216492,0.6027459502220154,0.5655746459960938,0.5315662026405334,0.16397425532341003,0.6131334900856018,0.3489611744880676,0.36344173550605774
img0157,0.5516932010650635,0.4927533268928528,0.49292051792144775,0.5716111063957214,0.48886677622795105,0.6940866112709045,0.3138234317302704,0.1418313980102539,0.12360448390245438,0.11432124674320221,0.2823610305786133,0.6539630889892578,0.6081080436706543,0.5701500177383423,0.553034782409668,0.5185070633888245,0.5165053606033325,0.12600833177566528,0.09002424031496048,0.07519863545894623
img0158,0.3032568693161011,0.4298096299171448,0.4235886335372925,0.4996914863586426,0.506925642490387,0.6555232405662537,0.33464422821998596,0.5289422869682312,0.4221207797527313,0.4927635192871094,0.7877830266952515,0.6353967785835266,0.62060546875,0.5247033834457397,0.5587508678436279,0.5375517010688782,0.4769105315208435,0.5446510314941406,0.5375517010688782,0.40263277292251587
img0159,0.5869324803352356,0.44391268491744995,0.40765663981437683,0.4914933741092682,0.4642358124256134,0.680959165096283,0.30861034989356995,0.5471495389938354,0.4107415974140167,-0.0027798169758170843,0.7516419887542725,0.773801326751709,0.5592008829116821,0.50542151927948,0.5444738864898682,0.5050240755081177,0.45326000452041626,0.5185608267784119,0.5050240755081177,0.3976050913333893
img0160,0.5599932670593262,0.398832231760025,0.39459002017974854,0.4363471269607544,0.41264426708221436,0.645234227180481,0.2722349166870117,0.4878526031970978,0.360034704208374,0.42388829588890076,0.7456679940223694,0.6229119300842285,0.6422219276428223,0.4677436947822571,0.5340545773506165,0.43845134973526,0.44658637046813965,0.4645523428916931,0.43845134973526,0.40077918767929077
img0161,0.6767144799232483,0.5248576998710632,0.3995426595211029,0.5722165107727051,0.48314738273620605,0.6970210075378418,0.3424851596355438,0.6145427227020264,0.5187420845031738,0.5208501219749451,0.7672322392463684,0.681316614151001,0.3760524094104767,0.43175673484802246,0.27642694115638733,0.2958926558494568,0.4362120032310486,0.6216468214988708,0.6280949711799622,0.3913767635822296
img0162,0.6403641700744629,0.4798716604709625,0.407097190618515,0.4725840985774994,0.3946748673915863,0.6779401898384094,0.3232026696205139,0.5855357646942139,0.409438818693161,0.49671629071235657,0.7039341926574707,0.6517755389213562,0.5679677724838257,0.5466339588165283,0.38213229179382324,0.2611653208732605,0.7432929277420044,0.22713887691497803,0.5525643825531006,0.35131511092185974
img0163,0.6496537327766418,0.4651709794998169,0.38634416460990906,0.4765875041484833,0.41742968559265137,0.6658532023429871,0.3536924421787262,0.5924105644226074,0.4323814809322357,0.5425163507461548,0.724748432636261,0.6480115056037903,0.5522665977478027,0.5756121873855591,0.6290380358695984,0.6204164624214172,0.41843488812446594,0.5697716474533081,0.6204164624214172,0.3646228015422821
img0164,0.6172352433204651,0.48871204257011414,0.45026499032974243,0.4806362986564636,0.4027027487754822,0.6752074360847473,0.3005870282649994,0.6158509850502014,0.39029887318611145,0.13547135889530182,0.6459980010986328,0.7052431106567383,0.5203055143356323,0.5760357975959778,0.5144335031509399,0.3259151577949524,0.7450978755950928,0.6212065815925598,0.3259158134460449,0.3163878917694092
img0165,0.5123708844184875,0.7346891164779663,0.16546665132045746,0.5110709071159363,0.4547908306121826,0.6826224327087402,0.3318558931350708,0.6152574419975281,0.42003321647644043,0.4918377995491028,0.7109116315841675,0.7021690607070923,0.6053674817085266,0.4930032789707184,0.6030593514442444,0.573400616645813,0.48734015226364136,0.5141704678535461,0.573400616645813,0.3959999680519104
img0166,0.6310312747955322,0.46257439255714417,0.4141952097415924,0.492428719997406,0.46431609988212585,0.6596651673316956,0.3703877925872803,0.5984323620796204,0.41411831974983215,0.49517297744750977,0.6970595717430115,0.6916555762290955,0.5683950781822205,0.5981655716896057,0.5979193449020386,0.4043571650981903,0.7011474370956421,0.6273629665374756,0.4043561518192291,0.40047958493232727
img0167,0.4922106862068176,0.6770486831665039,0.480758398771286,0.7315428853034973,0.41637590527534485,0.7947677373886108,0.7055791616439819,0.6693788766860962,0.4275609850883484,0.4438454508781433,0.6937384605407715,0.7092620134353638,0.5974884033203125,0.4657618999481201,0.5413392782211304,0.044925570487976074,0.7168557643890381,0.6614692807197571,0.3870846927165985,0.4008753299713135
img0168,0.5323995351791382,0.6943898797035217,0.37759217619895935,0.7469425201416016,0.5094071626663208,0.1652311235666275,0.3178578019142151,0.6109491586685181,0.4406341016292572,0.41116976737976074,0.632858395576477,0.7183611392974854,0.575147807598114,0.2129179835319519,0.6843671202659607,0.4385978579521179,0.6212210059165955,0.48935335874557495,0.5137748122215271,0.4014284312725067
img0169,0.5857287049293518,0.5064471960067749,0.4667590856552124,0.49399784207344055,0.39374876022338867,0.6770670413970947,0.21256940066814423,0.5856545567512512,0.5017850995063782,0.41413071751594543,0.6214675903320312,0.6896123290061951,0.6203370690345764,0.42937996983528137,0.5183497667312622,0.4397537410259247,0.46819084882736206,0.4641414284706116,0.06127436086535454,0.6146470308303833
img0170,0.7304592728614807,0.7276920080184937,0.14897476136684418,0.7858609557151794,0.7665026783943176,0.0928715318441391,0.25599798560142517,0.5846617817878723,0.38655921816825867,0.3403374254703522,0.6070874929428101,0.682404637336731,0.6050255298614502,0.4208562970161438,0.8690489530563354,0.713192343711853,0.3869844079017639,0.6210722923278809,0.713192343711853,0.7584972381591797
img0171,0.704095721244812,0.4894658327102661,0.4689691960811615,0.5166475176811218,0.38067805767059326,0.6629842519760132,0.2272443324327469,0.2244574874639511,0.5444539785385132,0.4346962869167328,0.9244667887687683,0.6646347045898438,0.5903485417366028,0.41265296936035156,0.47306445240974426,0.40831613540649414,0.4554588496685028,0.45988956093788147,0.40831613540649414,0.4091063439846039
img0172,0.6385942697525024,0.5298110246658325,0.4806387424468994,0.5110292434692383,0.4360590875148773,0.6892250776290894,0.3273859918117523,0.619772732257843,0.41981467604637146,0.13192783296108246,0.8882046341896057,0.9180620312690735,0.7377151250839233,0.417730450630188,0.5397710204124451,0.5210222601890564,0.5258679389953613,0.45645755529403687,0.5210222601890564,0.47883179783821106
img0173,0.7039902210235596,0.7391658425331116,0.23937475681304932,0.8441178202629089,0.6508899927139282,0.9217891693115234,0.6663988828659058,0.571147620677948,0.4025507867336273,0.3429156541824341,0.575617790222168,0.6645752191543579,0.5904977321624756,0.6854461431503296,0.8677481412887573,0.621841311454773,0.051017988473176956,0.45985010266304016,0.40831494331359863,0.40917590260505676
img0174,0.561822772026062,0.4853975772857666,0.4982488751411438,0.5426042675971985,0.3737415373325348,0.6334231495857239,0.21100415289402008,0.5518216490745544,0.44115176796913147,0.34314388036727905,0.6153854727745056,0.6425768733024597,0.624268114566803,0.48637592792510986,0.4859575927257538,0.41863545775413513,0.4918796122074127,0.5150865316390991,0.41863545775413513,0.37454211711883545
img0175,0.5690311193466187,0.49569857120513916,0.40925130248069763,0.6709256768226624,0.3324216604232788,0.6953641772270203,0.7374266982078552,0.6265935897827148,0.28333669900894165,0.3009890615940094,0.6663252711296082,0.7118217945098877,0.5530226826667786,0.5419178009033203,0.13368892669677734,0.4137592613697052,0.47697120904922485,0.5005400776863098,0.4137592613697052,0.374114453792572
img0176,0.6970285177230835,0.5190531015396118,0.3893999457359314,0.738227903842926,0.4661054015159607,0.7554833889007568,0.775600254535675,0.637047529220581,0.42091482877731323,0.11478893458843231,0.7371767163276672,0.7530733346939087,0.6387313008308411,0.5345097780227661,0.5604878664016724,0.5048669576644897,0.25755545496940613,0.6151490211486816,0.43514174222946167,0.42888501286506653
img0177,0.5690748691558838,0.49567705392837524,0.48384153842926025,0.5391731262207031,0.36599138379096985,0.6448850035667419,0.20725592970848083,0.6266430616378784,0.28347301483154297,0.30100253224372864,0.6663918495178223,0.7118854522705078,0.5531355738639832,0.541981041431427,0.13380955159664154,0.41376805305480957,0.4769654870033264,0.500552237033844,0.41376805305480957,0.3741256296634674
img0178,0.5309510827064514,0.47157493233680725,0.47995176911354065,0.5128606557846069,0.36132124066352844,0.6223788261413574,0.1895315796136856,0.5332620739936829,0.4045526683330536,0.31768086552619934,0.5462618470191956,0.6204896569252014,0.5759555101394653,0.6951377987861633,0.8789963126182556,0.6973403096199036,0.10841498523950577,0.43557876348495483,0.3741573095321655,0.4069947600364685
img0179,0.6218845248222351,0.5174663066864014,0.4570506811141968,0.4780971109867096,0.5864537358283997,0.7965664863586426,0.7237432599067688,0.2357175052165985,0.39234599471092224,0.4151068329811096,0.6801410913467407,0.6963885426521301,0.6303433179855347,0.4192188084125519,0.5340670347213745,0.4723737835884094,0.4995763301849365,0.4492703974246979,0.08820076286792755,0.5799604654312134
img0180,0.20470622181892395,0.43189501762390137,0.6477854251861572,0.3748922646045685,0.14467620849609375,0.5180051922798157,0.3191705048084259,0.5640532970428467,0.3550228178501129,0.4237494468688965,0.7027747631072998,0.6766150593757629,0.6445722579956055,0.15799224376678467,0.23050038516521454,0.13180257380008698,0.671953022480011,0.4349295496940613,0.1318029910326004,0.11440133303403854
img0181,0.1926853358745575,0.38999632000923157,0.6796266436576843,0.3470894694328308,0.11313364654779434,0.3142544627189636,0.3109222650527954,0.5884823203086853,0.4380466341972351,0.4849969446659088,0.7001897692680359,0.6931764483451843,0.6334497332572937,0.5001477003097534,0.09700576961040497,0.09870611876249313,0.6599393486976624,0.41050902009010315,0.09870611876249313,0.08757734298706055
img0182,0.20366112887859344,0.3673277199268341,0.44211164116859436,0.48541510105133057,0.43995746970176697,0.6737568378448486,0.30703169107437134,0.5710855722427368,0.39535045623779297,0.47333216667175293,0.6869600415229797,0.6910208463668823,0.6222274303436279,0.46851488947868347,0.5865870714187622,0.5344618558883667,0.45964229106903076,0.4771273136138916,0.5344618558883667,0.4126462936401367
img0183,0.14260199666023254,0.49683836102485657,0.6571714282035828,0.4725377857685089,0.1918133944272995,0.43942898511886597,0.5639094710350037,0.5074209570884705,0.2159252166748047,0.2190559208393097,0.41032809019088745,0.48406141996383667,0.3916420042514801,0.47488710284233093,0.5629201531410217,0.5019799470901489,0.4563034772872925,0.487802118062973,0.5019799470901489,0.3819778263568878
img0184,0.6037094593048096,0.4522281885147095,0.4942609965801239,0.5183877348899841,0.39671748876571655,0.6696974635124207,0.24568480253219604,0.5684506297111511,0.14203369617462158,0.18428775668144226,0.4579945504665375,0.5231236815452576,0.4155846834182739,0.4296160936355591,0.3215465843677521,0.18609276413917542,0.7554731965065002,0.46610307693481445,0.18609248101711273,0.3798213303089142
img0185,0.5811538696289062,0.4467371106147766,0.47797393798828125,0.4641443192958832,0.4483582079410553,0.6378738880157471,0.29139459133148193,0.536041796207428,0.39163339138031006,0.41947582364082336,0.6650599241256714,0.6437476277351379,0.651964545249939,0.41675570607185364,0.5304646492004395,0.4550500810146332,0.4986129701137543,0.4326721727848053,0.4550500810146332,0.4247649908065796
img0186,0.5751633048057556,0.4242548644542694,0.4610719084739685,0.46556755900382996,0.47244754433631897,0.6123130917549133,0.28758424520492554,0.495575487613678,0.40433672070503235,0.43200889229774475,0.6447017192840576,0.6062873601913452,0.6505017876625061,0.40378084778785706,0.5170263051986694,0.4570010006427765,0.49365168809890747,0.4308239221572876,0.4570010006427765,0.43709269165992737
img0187,0.5667601823806763,0.39118266105651855,0.5162432789802551,0.46363550424575806,0.36142992973327637,0.5964085459709167,0.19220095872879028,0.4667860269546509,0.3648248612880707,0.3327552080154419,0.6844618916511536,0.5835391283035278,0.6903027296066284,0.39151903986930847,0.483807235956192,0.38778480887413025,0.5394373536109924,0.4011983275413513,0.38778480887413025,0.44055184721946716
img0188,0.5651316046714783,0.40719330310821533,0.5579383373260498,0.48995688557624817,0.39653491973876953,0.6220917105674744,0.19436241686344147,0.4901139736175537,0.37885385751724243,0.33897677063941956,0.7026237845420837,0.5869684219360352,0.7191166281700134,0.39369603991508484,0.49893561005592346,0.4035244286060333,0.5792921185493469,0.4202793836593628,0.4035244286060333,0.45291897654533386
img0189,0.5385199189186096,0.35941702127456665,0.42472854256629944,0.7679308652877808,0.68621826171875,0.8704142570495605,0.6071919798851013,0.5904539823532104,0.5127205848693848,0.4454581141471863,0.8841801881790161,0.8650655150413513,0.7950471043586731,0.3615138828754425,0.439421147108078,0.37281718850135803,0.563620388507843,0.3906508684158325,0.37281718850135803,0.40981513261795044
img0190,0.5350772738456726,0.3655206859111786,0.5494127869606018,0.4775484502315521,0.338024377822876,0.5543681979179382,0.18806865811347961,0.48692378401756287,0.346490740776062,0.31257033348083496,0.8846322298049927,0.8453340530395508,0.7573115229606628,-0.07306094467639923,0.4360804855823517,0.3957793712615967,0.5620254874229431,0.40505796670913696,0.3957793712615967,0.398792564868927
img0191,0.5518510937690735,0.3204306662082672,0.4478663206100464,0.3325464129447937,0.4331448972225189,0.5827539563179016,0.36601558327674866,0.48108017444610596,0.2630174160003662,0.38770851492881775,0.3541271686553955,0.42275920510292053,0.3702397644519806,0.15882033109664917,0.5515208840370178,0.4898451268672943,0.48172828555107117,0.4311023950576782,0.4898451268672943,0.3612898588180542
img0192,0.5516975522041321,0.32014715671539307,0.4345058798789978,0.3329284191131592,0.39952945709228516,0.5749620795249939,0.7676177620887756,0.7415863275527954,0.3691818416118622,0.4143800735473633,0.7042937874794006,0.7765517234802246,0.6319480538368225,0.6456071734428406,0.5845547318458557,0.4312915503978729,0.7241364121437073,0.6894053220748901,0.08405572921037674,0.3693726360797882
img0193,0.5516975522041321,0.32014715671539307,0.4345058798789978,0.3329284191131592,0.39952945709228516,0.5749620795249939,0.3334027826786041,0.45624443888664246,0.25493329763412476,0.36256909370422363,0.8033754229545593,0.5170091986656189,0.6406145691871643,0.40047237277030945,0.5454009175300598,0.44800278544425964,0.46901899576187134,0.41238656640052795,0.44800278544425964,0.3693726360797882
img0194,0.5516975522041321,0.32014715671539307,0.4345058798789978,0.3329284191131592,0.39952945709228516,0.5749620795249939,0.3334027826786041,0.45624443888664246,0.25493329763412476,0.36256909370422363,0.8033754229545593,0.5170091986656189,0.6406145691871643,0.40047237277030945,0.5454009175300598,0.44800278544425964,0.46901899576187134,0.6894058585166931,0.4312915802001953,0.4331077039241791
img0195,0.5028171539306641,0.7348372936248779,0.5036457777023315,0.7274138927459717,0.44989627599716187,0.746869683265686,0.7676177620887756,0.741585910320282,0.36918172240257263,0.41437971591949463,0.8033754229545593,0.5170091986656189,0.6406145691871643,0.40047237277030945,0.5454009175300598,0.44800278544425964,0.46901899576187134,0.41238656640052795,0.44800278544425964,0.3693726360797882
img0196,0.1332310289144516,0.7573661208152771,0.26941314339637756,0.827165424823761,0.6441381573677063,0.8935838341712952,0.6748801469802856,0.031354524195194244,0.34997299313545227,0.31578731536865234,0.6747928857803345,0.5520060062408447,0.6224169135093689,0.35209792852401733,0.4179275929927826,0.40250954031944275,0.562788724899292,0.39843446016311646,0.40250954031944275,0.38245007395744324
img0197,0.534966230392456,0.38073381781578064,0.5500933527946472,0.4818100035190582,0.3267482817173004,0.5571867227554321,0.19615310430526733,0.49882593750953674,0.34997299313545227,0.31578731536865234,0.6747928857803345,0.5520060062408447,0.6224169135093689,0.35209792852401733,0.4179275929927826,0.40250954031944275,0.562788724899292,0.39843446016311646,0.40250954031944275,0.38245007395744324
img0198,0.5337911248207092,0.37977495789527893,0.5595608949661255,0.497840017080307,0.3917347192764282,0.5780166387557983,0.20838704705238342,0.46074074506759644,0.3916527330875397,0.3540726602077484,0.71378493309021,0.5513687133789062,0.7167146801948547,0.3833324611186981,0.4814223647117615,0.4090581238269806,0.6029001474380493,0.413793683052063,0.4090581238269806,0.4455028772354126
img0199,0.5337911248207092,0.37977495789527893,0.6467940807342529,0.5530250072479248,0.21234071254730225,0.5780166387557983,0.20838704705238342,0.46074074506759644,0.3916527330875397,0.3540726602077484,0.71378493309021,0.5513687133789062,0.7167146801948547,0.3833324611186981,0.4814223647117615,0.4090581238269806,0.6029001474380493,0.413793683052063,0.4090581238269806,0.4455028772354126
img0200,0.5650380849838257,0.41338351368904114,0.5043439269065857,0.47972536087036133,0.4452413320541382,0.14851114153862,0.7604109644889832,0.632341742515564,0.41737720370292664,0.45594337582588196,0.667453408241272,0.6119389533996582,0.6735077500343323,0.4429996609687805,0.588758111000061,0.4721515476703644,0.5360274314880371,0.6346127986907959,0.362059086561203,0.36368492245674133
img0201,0.6527184844017029,0.7611610889434814,0.28495681285858154,0.8404905200004578,0.599044144153595,0.8651816844940186,0.7086313962936401,0.029477357864379883,0.39394277334213257,0.35747766494750977,0.547432541847229,0.5733749270439148,0.6077767014503479,0.41068026423454285,0.4901849925518036,0.358694463968277,0.4759897291660309,0.401435911655426,0.358694463968277,0.40117013454437256
img0202,0.587104856967926,0.4309217631816864,0.4541064500808716,0.44980305433273315,0.3596109449863434,0.5870816111564636,0.1655690222978592,0.4548354148864746,0.38906580209732056,0.36288705468177795,0.5333639979362488,0.1426400989294052,0.7112165689468384,0.6414861679077148,0.8010462522506714,0.5505076050758362,0.5768187046051025,0.6559069156646729,0.5505059361457825,0.5684165358543396
img0203,0.6217068433761597,0.8088133335113525,0.48874279856681824,0.7926945686340332,0.468575119972229,0.6100658774375916,0.28272050619125366,0.5158267021179199,0.41134771704673767,0.47124725580215454,0.6891672611236572,0.6093670725822449,0.7151840925216675,0.4528925120830536,0.13270792365074158,0.4875643849372864,0.7223750948905945,0.7683715224266052,0.4835459887981415,0.4354298710823059
img0204,0.5596252083778381,0.40170609951019287,0.5773329734802246,0.49230334162712097,0.4449024796485901,0.6115709543228149,0.2417408674955368,0.4920666813850403,0.38916149735450745,0.41538098454475403,0.7479442358016968,0.5725190043449402,0.7615687847137451,0.39871862530708313,0.5299227833747864,0.08142445981502533,0.6686031222343445,0.6831197142601013,0.5092357993125916,0.4908319115638733
img0205,0.5206061601638794,0.3630807101726532,0.5364570617675781,0.46693751215934753,0.3067794144153595,0.5237809419631958,0.16065143048763275,0.44162169098854065,0.356303334236145,0.3018443286418915,0.6712117791175842,0.5243334770202637,0.6406294107437134,0.35102567076683044,0.4109867513179779,0.3737480938434601,0.5583145618438721,0.37675172090530396,0.3737480938434601,0.4140051007270813
img0206,0.5009229183197021,0.3467710614204407,0.5456010699272156,0.3921721279621124,0.30687132477760315,0.8879102468490601,0.6638386845588684,0.707422137260437,0.5721189379692078,0.5339407324790955,0.8862566947937012,0.8991718292236328,0.8437363505363464,0.7279505133628845,0.8462488651275635,0.6712087988853455,0.5392139554023743,0.3401016592979431,0.362243115901947,0.39591801166534424
img0207,0.5755863785743713,0.40904733538627625,0.5672686696052551,0.5060184597969055,0.4418010115623474,0.5833831429481506,0.2504780888557434,0.1988101750612259,0.42783182859420776,0.4809604287147522,0.7251626253128052,0.5801100134849548,0.7499285340309143,0.3891153931617737,0.49926283955574036,0.4488977789878845,0.6180917620658875,0.4200798273086548,0.4488977789878845,0.5071804523468018
img0208,0.5173045992851257,0.3785379230976105,0.6013303399085999,0.4916980266571045,0.3975328207015991,0.5695125460624695,0.21290631592273712,0.5770362019538879,0.3239540159702301,0.2964181900024414,0.64574134349823,0.6885160803794861,0.5292028188705444,0.515309751033783,0.5095890760421753,0.30532106757164,0.744946300983429,0.5702790021896362,-0.010878571309149265,0.46793296933174133
img0209,0.5359581112861633,0.3893403708934784,0.5998722314834595,0.4982501268386841,0.45134463906288147,0.6053363680839539,0.2778237760066986,0.5096359252929688,0.6149783730506897,0.6478411555290222,0.749085545539856,0.21650177240371704,0.7809369564056396,0.37670251727104187,0.5021929740905762,0.45820483565330505,0.6545224189758301,0.4233349561691284,0.45820483565330505,0.4970276355743408
img0210,0.5420986413955688,0.4203665554523468,0.5549589395523071,0.4645668864250183,0.42433521151542664,0.6168236136436462,0.305396169424057,0.5280274152755737,0.38158074021339417,0.4662778079509735,0.6850373148918152,0.596496045589447,0.745411217212677,0.4286348223686218,0.6107476353645325,0.4945691227912903,0.5809957385063171,0.44633564352989197,0.4945691227912903,0.5087648034095764
img0211,0.5944955945014954,0.790601372718811,0.5107691287994385,0.7605943083763123,0.5006574988365173,0.7631532549858093,0.7426581978797913,0.5231074094772339,0.39896923303604126,0.5049347281455994,0.714507520198822,0.6057661175727844,0.7441414594650269,0.45558807253837585,0.6520368456840515,0.525100588798523,0.24221085011959076,0.7216185331344604,0.4671432375907898,0.4767536222934723
img0212,0.6843451261520386,0.8516367673873901,0.47191908955574036,0.5021839141845703,0.4406985640525818,0.635452389717102,0.33039990067481995,0.5512868762016296,0.43036705255508423,0.4863433241844177,0.6995986104011536,0.6189568042755127,0.7924749851226807,0.4583498239517212,0.6431100964546204,0.5109728574752808,0.5964435338973999,0.4747178852558136,0.5109728574752808,0.49607130885124207
img0213,0.5415492057800293,0.44070854783058167,0.1460600197315216,0.6206558346748352,0.906304121017456,0.5449815988540649,0.42156553268432617,0.6295139789581299,0.057235248386859894,0.4867982268333435,0.7581124305725098,0.5744118094444275,0.8552694916725159,0.4201085567474365,0.5113956332206726,0.47064852714538574,0.6168735027313232,0.4742530882358551,0.47064852714538574,0.8706451654434204
img0214,0.6839691996574402,0.8515089154243469,0.26277756690979004,0.502289891242981,0.4406745135784149,0.6355368494987488,0.3303275406360626,0.5514016151428223,0.43042388558387756,0.4863148033618927,0.6995058655738831,0.33680459856987,0.8275123834609985,0.7345683574676514,0.1431179642677307,0.510966420173645,0.5964826345443726,0.47477486729621887,0.510966420173645,0.4960514008998871
img0215,0.5686310529708862,0.43744462728500366,0.5258939862251282,0.47962290048599243,0.45494896173477173,0.6001521944999695,0.34350770711898804,0.5181303024291992,0.41979408264160156,0.5047561526298523,0.6905567646026611,0.5928595662117004,0.7876918315887451,0.44063103199005127,0.6079807877540588,0.5303800702095032,0.5580139756202698,0.4670844078063965,0.5303800702095032,0.4864914119243622
img0216,0.5803636312484741,0.47737979888916016,0.5566170811653137,0.5186092853546143,0.43931907415390015,0.6334471106529236,0.3106919825077057,0.5576944947242737,0.44117027521133423,0.4836912751197815,0.6920760273933411,0.6264598965644836,0.7974645495414734,0.48336586356163025,0.6087232232093811,0.5170442461967468,0.5837395191192627,0.5068061351776123,0.5170442461967468,0.0638362392783165
img0217,0.82679283618927,0.7435796856880188,0.12482598423957825,0.6592856645584106,0.9307010769844055,0.609879732131958,0.42102187871932983,0.6520083546638489,0.7603542804718018,0.782767117023468,0.603369951248169,0.646551787853241,0.8681267499923706,0.6950860619544983,0.7410569787025452,0.8987242579460144,0.16283082962036133,0.44407498836517334,0.45332038402557373,0.5206039547920227
img0218,0.5255310535430908,0.4379071295261383,0.5313253998756409,0.454697847366333,0.38975510001182556,0.5877413153648376,0.5482261180877686,0.7725128531455994,0.7643769383430481,0.7571243643760681,0.6316754817962646,0.710374653339386,0.9070348739624023,0.3819679915904999,0.5164011120796204,0.42704686522483826,0.597870409488678,0.4068467915058136,0.42704686522483826,0.5321458578109741
img0219,0.561267614364624,0.4600198566913605,0.5464750528335571,0.562589168548584,0.4588818848133087,0.6278010010719299,0.3045825958251953,0.5393753051757812,0.47538939118385315,0.5049511194229126,0.7189453840255737,0.662519097328186,0.8834834694862366,0.730201244354248,0.15537379682064056,0.4835074245929718,0.623400092124939,0.4756039083003998,0.4835074245929718,0.5427134037017822
img0220,0.5625293254852295,0.4208219051361084,0.5320716500282288,0.4816969931125641,0.40824630856513977,0.594740629196167,0.24968954920768738,0.47827428579330444,0.38926875591278076,0.10501641035079956,0.8306692838668823,0.8373436331748962,0.9203425049781799,0.7318958640098572,0.8713372945785522,0.7910111546516418,0.42392492294311523,0.7009652256965637,0.7910111546516418,0.8321467041969299
img0221,0.8461610078811646,0.7413116097450256,0.16183382272720337,0.7423588037490845,0.9227412939071655,0.7067761421203613,0.023691801354289055,0.5012691020965576,0.39410334825515747,0.46715229749679565,0.7422285079956055,0.5434656143188477,0.898472249507904,0.4050840437412262,0.5561129450798035,0.4626403748989105,0.657433271408081,0.45373043417930603,0.4626403748989105,0.5212330222129822
img0222,0.5580058693885803,0.4015893042087555,0.4566558301448822,0.4938450753688812,0.4280199110507965,0.5470680594444275,0.3143620193004608,0.4583739638328552,0.4328944981098175,0.5004875063896179,0.7081299424171448,0.4788219928741455,0.9023624658584595,0.4186673164367676,0.48446083068847656,0.46790996193885803,0.5315684676170349,0.48144030570983887,0.46790996193885803,0.5755540132522583
img0223,0.5336698889732361,0.38259339332580566,0.3986404240131378,0.7976741790771484,0.5933922529220581,0.7852810621261597,0.37525689601898193,0.4771190583705902,0.41473662853240967,0.551791250705719,0.695931077003479,0.45369553565979004,0.858032763004303,0.407661110162735,0.5101431608200073,0.09111907333135605,0.6234076619148254,0.7159966826438904,0.5429373979568481,0.5690632462501526
img0224,0.6934400796890259,0.6454598903656006,0.11345987766981125,0.5794499516487122,0.08490944653749466,0.5001110434532166,0.45694828033447266,0.46603044867515564,0.42165079712867737,0.572756826877594,0.6958261132240295,0.43663346767425537,0.7989955544471741,0.40374359488487244,0.5211465954780579,0.5621966123580933,0.5225253701210022,0.48017507791519165,0.5621966123580933,0.5893343091011047
img0225,0.5668941140174866,0.3339240252971649,0.3933085501194,0.4343121647834778,0.4135788083076477,0.5409450531005859,0.29483625292778015,0.3967548608779907,0.378333181142807,0.4610462486743927,0.7106384038925171,0.4295516014099121,0.8688108921051025,0.3501698672771454,0.46692579984664917,0.4309522211551666,0.4717336893081665,0.40993985533714294,0.4309522211551666,0.5270938277244568
img0226,0.5433902144432068,0.3017629384994507,0.3892698585987091,0.3846474587917328,0.4338452219963074,0.7336553931236267,0.7843272089958191,0.14981263875961304,0.33892831206321716,0.47407403588294983,0.7063028812408447,0.42437127232551575,0.8073676824569702,0.338935911655426,0.49764731526374817,0.48458048701286316,0.4666872024536133,0.6595641374588013,0.41255539655685425,0.41102463006973267
img0227,0.145119309425354,0.43024423718452454,0.4204897880554199,0.4584319293498993,0.42635923624038696,0.6477158069610596,0.32857537269592285,0.510120153427124,0.3890869915485382,0.47643595933914185,0.7662851214408875,0.5363771915435791,0.7706907391548157,0.3960646390914917,0.5029056668281555,0.48586639761924744,0.49122005701065063,0.4605562388896942,0.48586639761924744,0.49281954765319824
img0228,0.5832750201225281,0.46473920345306396,0.5035477876663208,0.47702842950820923,0.4592287242412567,0.6665125489234924,0.34765854477882385,0.5420655012130737,0.391103595495224,0.4627758860588074,0.7588238716125488,0.5478214621543884,0.8005787134170532,0.37111175060272217,0.5103737115859985,0.5000359416007996,0.5779223442077637,0.4592260718345642,0.5000359416007996,0.5406001806259155
img0229,0.6045942902565002,0.17904525995254517,0.28389430046081543,0.7866383790969849,0.8426328301429749,0.7257915735244751,0.5666183829307556,0.7737554311752319,0.7299367785453796,0.7857747077941895,0.6930844783782959,0.7649000287055969,0.826490581035614,0.42851176857948303,0.5916674733161926,0.5049481391906738,0.6528177857398987,0.4880942404270172,0.5049481391906738,0.5540656447410583
img0230,0.5535262227058411,0.49619045853614807,0.5001035332679749,0.44702795147895813,0.5024553537368774,0.6918958425521851,0.3537045419216156,0.5864452719688416,0.41360270977020264,0.5140557885169983,0.7284299731254578,0.5562925934791565,0.6687941551208496,0.4606527090072632,0.5238667726516724,0.4946461617946625,0.4988790452480316,0.7813728451728821,0.8170661330223083,0.7412542104721069
img0231,0.7495675683021545,0.6806647777557373,0.0805312842130661,0.6110019087791443,0.9586793184280396,0.5829795598983765,0.42537862062454224,0.5572347044944763,0.7091001868247986,0.7014825344085693,0.5736342668533325,0.6034599542617798,0.8165106177330017,0.31326544284820557,0.6290232539176941,0.5577799081802368,0.4781593382358551,0.3435567319393158,0.5577799081802368,0.4787943959236145
img0232,0.5207741856575012,0.3301854431629181,0.34752392768859863,0.26063472032546997,0.4900951087474823,0.46867555379867554,0.5124083757400513,0.42233237624168396,0.2834241986274719,0.5418661832809448,0.5696648955345154,0.4971308410167694,0.44879093766212463,0.2755204141139984,0.5574909448623657,0.5253180861473083,0.3945581614971161,0.29702243208885193,0.5253180861473083,0.46079498529434204
img0233,0.6107819676399231,0.36628225445747375,0.26558759808540344,0.670859694480896,0.939481258392334,0.6332199573516846,0.45829933881759644,0.5929896235466003,0.6798723936080933,0.7409908175468445,0.6147509217262268,0.6523680686950684,0.8207175731658936,0.6393998265266418,0.07978635281324387,0.48486384749412537,0.4388415813446045,0.3703426718711853,0.48486384749412537,0.49899938702583313
img0234,0.5949569344520569,0.42816025018692017,0.37662893533706665,0.732380747795105,0.4778497517108917,0.7594801187515259,0.26654472947120667,0.5200820565223694,0.35192015767097473,0.39919278025627136,0.684154748916626,0.6501103639602661,0.6427766680717468,0.409812867641449,0.5921682119369507,0.4599156081676483,0.5299189686775208,0.42626339197158813,0.4599156081676483,0.4301297962665558
img0235,0.5809784531593323,0.4652906060218811,0.6778616905212402,0.5969128012657166,0.3025866150856018,0.6078377962112427,0.6339890360832214,0.596441388130188,0.2965216040611267,0.26539748907089233,0.5764807462692261,0.6468536853790283,0.516537070274353,0.5232068300247192,0.5865093469619751,0.4958988428115845,0.48972761631011963,0.46674829721450806,0.4958988428115845,0.3809318244457245
img0236,0.5513067245483398,0.4728471040725708,0.5053530335426331,0.526033341884613,0.34806159138679504,0.5875465869903564,0.21445681154727936,0.5010820031166077,0.4354778826236725,0.36122408509254456,0.5316904187202454,0.5769344568252563,0.6495020985603333,0.43155932426452637,0.5394845604896545,0.4347488284111023,0.5037316083908081,0.4596344232559204,0.4347488284111023,0.3646027147769928
img0237,0.5704467296600342,0.47272297739982605,0.4874897599220276,0.5019633769989014,0.3355807363986969,0.600884199142456,0.21647316217422485,0.5040883421897888,0.4158121943473816,0.3499666452407837,0.5500625967979431,0.5941082835197449,0.647449791431427,0.42075127363204956,0.08022955805063248,0.19711527228355408,0.7869150638580322,0.2840139865875244,0.430016428232193,0.3827839195728302
img0238,0.5751058459281921,0.4568135142326355,0.5232862234115601,0.09670068323612213,0.18544137477874756,0.5035262107849121,0.029225926846265793,0.5597658157348633,0.3837783634662628,0.3972727358341217,0.6465522646903992,0.6430716514587402,0.6209882497787476,0.4333959221839905,0.5666525959968567,0.4665880501270294,0.5274195075035095,0.4669899344444275,0.16060911118984222,0.15706905722618103
img0239,0.21781443059444427,0.4505466818809509,0.6939242482185364,0.41251224279403687,0.15927435457706451,0.4142369329929352,0.516926646232605,0.4615974426269531,0.40234965085983276,0.4400159418582916,0.6278933882713318,0.633210301399231,0.6072326302528381,0.43155983090400696,0.5794081091880798,0.489000141620636,0.5258219242095947,0.4620455205440521,0.489000141620636,0.35274073481559753
img0240,0.6339614391326904,0.4311729967594147,0.4862518906593323,0.48883453011512756,0.5548197627067566,0.686286211013794,0.39374080300331116,0.5661596059799194,0.4194696545600891,0.5023860931396484,0.624679446220398,0.6977568864822388,0.6114829182624817,0.5990555286407471,0.5409450531005859,0.35087764263153076,0.7519628405570984,0.6499308347702026,0.35087764263153076,0.44341355562210083
img0241,0.6725496053695679,0.4382539987564087,0.4439096748828888,0.48715686798095703,0.5574377179145813,0.6837036609649658,0.409442663192749,0.5471587777137756,0.4314082860946655,0.5160467028617859,0.8639361262321472,0.6744385361671448,0.6605753898620605,0.4871499836444855,0.6628542542457581,0.6122844219207764,0.5172951221466064,0.5192885994911194,0.6122844219207764,0.47729581594467163
img0242,0.6444013118743896,0.427318274974823,0.44625335931777954,0.7630372643470764,0.555393397808075,0.7822590470314026,0.764956533908844,0.7457711696624756,0.45353734493255615,0.45182541012763977,0.7606683969497681,0.8223620057106018,0.7548078894615173,0.4441899061203003,0.5806050300598145,0.5901961922645569,0.5160844326019287,0.49505820870399475,0.5901961922645569,0.48860666155815125
img0243,0.6179069876670837,0.6058680415153503,0.6135556697845459,0.5985967516899109,0.29690268635749817,0.6321157813072205,0.6453789472579956,0.6117584705352783,0.278260737657547,0.294312983751297,0.6999884247779846,0.686745285987854,0.6303374767303467,0.45540425181388855,0.5634654760360718,0.5089147686958313,0.5017119646072388,0.4949455261230469,0.5089147686958313,0.38053327798843384
img0244,0.14765356481075287,0.3901195526123047,0.677635133266449,0.3727114498615265,0.3585464358329773,0.7378851175308228,0.27287235856056213,0.5834391117095947,0.3734196722507477,0.4726913273334503,0.7573904991149902,0.6740298867225647,0.6378558874130249,0.45425039529800415,0.5855097770690918,0.5051383376121521,0.49842560291290283,0.48030152916908264,0.5051383376121521,0.43500322103500366
img0245,0.6653091311454773,0.4786210060119629,0.5385643243789673,0.6449882388114929,0.29405543208122253,0.73531574010849,0.2522985637187958,0.5938311219215393,0.3788411617279053,0.4272949993610382,0.7278010249137878,0.6886574625968933,0.6404956579208374,0.39820173382759094,0.4724283814430237,0.2758067846298218,0.7366951107978821,0.5576302409172058,0.27580779790878296,0.2759144604206085
img0246,0.6655534505844116,0.5247669816017151,0.4462350904941559,0.5174282193183899,0.46752145886421204,0.7395268082618713,0.24239762127399445,0.6255659461021423,0.3941853642463684,0.3920832872390747,0.716629147529602,0.9069461822509766,0.6951781511306763,0.6839014887809753,0.791757345199585,0.5426620841026306,0.6236718893051147,0.7047154903411865,0.5426620841026306,0.5429799556732178
img0247,0.5433860421180725,0.5198517441749573,0.5088658928871155,0.5188500285148621,0.4924611449241638,0.7420527935028076,0.26187270879745483,0.6417750120162964,0.3891091048717499,0.4219624698162079,0.7575091123580933,0.7168870568275452,0.681496262550354,0.4445967376232147,0.540650486946106,0.4849621653556824,0.542238712310791,0.5103777050971985,0.4849621653556824,0.4360211193561554
img0248,0.6470333337783813,0.45920297503471375,0.5121392011642456,0.49350324273109436,0.4776974320411682,0.72184157371521,0.27919504046440125,0.5953710675239563,0.38401681184768677,0.45184242725372314,0.9272325038909912,0.9281351566314697,0.7627860903739929,0.7272074222564697,0.8488255143165588,0.619023859500885,0.5715194940567017,0.7347272634506226,0.619024395942688,0.6165189743041992
img0249,0.18859583139419556,0.3945336937904358,0.7060588598251343,0.3563680946826935,0.10888554900884628,0.3548671305179596,0.44596970081329346,0.4620577096939087,0.15213945508003235,0.4231451749801636,0.7338379621505737,0.7076383233070374,0.6437278389930725,0.45286262035369873,0.5427025556564331,0.09623550623655319,0.7048630118370056,0.4052104949951172,0.3087514042854309,0.40895968675613403
img0250,0.6606240272521973,0.4904950261116028,0.39728453755378723,0.4600517749786377,0.17707869410514832,0.5055777430534363,0.5452516078948975,0.511171817779541,0.17967374622821808,0.15614379942417145,0.7477169632911682,0.6982166767120361,0.6787874102592468,0.44864627718925476,0.5622655153274536,0.5019424557685852,0.5274824500083923,0.5085064172744751,0.5019424557685852,0.4409780502319336
img0251,0.6353427171707153,0.4997445344924927,0.520544171333313,0.5180679559707642,0.4601789116859436,0.7112758755683899,0.277691513299942,0.6012027263641357,0.3996311128139496,0.41523125767707825,0.7750645875930786,0.6934153437614441,0.6844130754470825,0.4775312840938568,0.5663719177246094,0.4802939295768738,0.5514329671859741,0.5189149975776672,0.4802939295768738,0.4444200098514557
img0252,0.594573438167572,0.5534162521362305,0.5648157596588135,0.5644168257713318,0.05720914527773857,0.5459735989570618,0.7111880779266357,0.559518575668335,0.43835246562957764,0.3900755047798157,0.7131720781326294,0.7013441920280457,0.639689564704895,0.5224111676216125,0.5316746234893799,0.471002995967865,0.7474848628044128,0.5268824100494385,0.21219556033611298,0.12489008903503418
img0253,0.6336121559143066,0.5294240117073059,0.5125845074653625,0.5718499422073364,0.42725151777267456,0.6902186870574951,0.2693975865840912,0.6378504633903503,0.4536541998386383,0.3896492123603821,0.716343104839325,0.6952604651451111,0.6240819096565247,0.5191529989242554,0.5213075876235962,0.4849945902824402,0.5128098726272583,0.5560894012451172,0.4849945902824402,0.3927231431007385
img0254,0.6489075422286987,0.5487857460975647,0.5201797485351562,0.5713575482368469,0.48524513840675354,0.7146311402320862,0.29924434423446655,0.657194972038269,0.46300554275512695,0.43307822942733765,0.7390968203544617,0.7103222012519836,0.6197523474693298,0.5468586087226868,0.7401566505432129,0.5036906003952026,0.6004637479782104,0.5906606912612915,0.5268766283988953,0.4047110676765442
img0255,0.646328866481781,0.5344009399414062,0.5213937759399414,0.5605409145355225,0.4549730122089386,0.7144723534584045,0.06773921847343445,0.7064748406410217,0.5169209241867065,-0.03288234397768974,0.7233657836914062,0.7077881097793579,0.6077635884284973,0.5255832076072693,0.5558491349220276,0.49280375242233276,0.523415744304657,0.5632880926132202,0.49280375242233276,0.4072011709213257
img0256,0.5740787386894226,0.5062025785446167,0.5340445637702942,0.552035391330719,0.4211830496788025,0.6993979215621948,0.2617455720901489,0.6131857633590698,0.42509886622428894,0.3734056353569031,0.6749013662338257,0.6808092594146729,0.6210196614265442,0.4996548891067505,0.5300090312957764,0.4633607268333435,0.5368179082870483,0.5497556924819946,0.4633607268333435,0.3398727774620056
img0257,0.5496299862861633,0.4823971688747406,0.5542016625404358,0.5234713554382324,0.34294384717941284,0.6753940582275391,0.2138691395521164,0.56572026014328,0.4102057218551636,0.36122527718544006,0.6228643655776978,0.6348662972450256,0.6933369636535645,0.44558680057525635,0.49795001745224,0.4120747447013855,0.5665633678436279,0.4830745458602905,0.4120747447013855,0.41493067145347595
img0258,0.542590856552124,0.4185859262943268,0.5078874826431274,0.45229193568229675,0.36748722195625305,0.5977901220321655,0.23701319098472595,0.4839092195034027,0.38032248616218567,0.37381789088249207,0.5809938907623291,0.5886268615722656,0.6509175300598145,0.3865950405597687,0.11483500897884369,0.8133673667907715,0.2943314015865326,0.5401214957237244,0.4029488265514374,0.40674954652786255
img0259,0.47932523488998413,0.3962843418121338,0.5336410999298096,0.43850773572921753,0.2912604808807373,0.5770573019981384,0.16903412342071533,0.6237791180610657,0.285854697227478,0.3356063961982727,0.09877926111221313,0.5495113134384155,0.6444714665412903,0.3895568251609802,0.5048624873161316,0.3413054049015045,0.5464044809341431,0.3961161971092224,0.3413054049015045,0.36516010761260986
img0260,0.1532321274280548,0.31723666191101074,0.777513325214386,0.30259019136428833,0.06088520586490631,0.2749811112880707,0.3759422302246094,0.5499727725982666,0.41007113456726074,0.38735270500183105,0.6382849812507629,0.603472113609314,0.7074298858642578,0.4355055093765259,0.513816773891449,0.41189488768577576,0.5925509333610535,0.46252310276031494,0.41189488768577576,0.4200616180896759
img0261,0.527049720287323,0.43755805492401123,0.7620341181755066,0.3333275616168976,0.11037210375070572,0.5257948637008667,0.2408219277858734,0.5266534090042114,0.3968057632446289,0.41720977425575256,0.6100379228591919,0.5856034159660339,0.6804521083831787,0.19618849456310272,0.2107708752155304,0.11054123193025589,0.7203816771507263,0.46064773201942444,0.4225597083568573,0.41706404089927673
img0262,0.5877748727798462,0.5146412253379822,0.5392111539840698,0.5836585164070129,0.45071887969970703,0.7029373049736023,0.10817359387874603,0.7035545110702515,0.36121609807014465,0.3453081548213959,0.6957981586456299,0.7572059035301208,0.5887635350227356,0.6184363961219788,0.5783254504203796,0.37669432163238525,0.754443883895874,0.674846887588501,0.5284965634346008,0.3564680516719818
img0263,0.6077498197555542,0.549401581287384,0.5905420184135437,0.588535726070404,0.42812785506248474,0.7097088694572449,0.26132461428642273,0.6491797566413879,0.47015219926834106,0.39680033922195435,0.6522946357727051,0.7097427248954773,0.5900991559028625,0.5243157148361206,0.5804733037948608,0.4854285717010498,0.5831375122070312,0.562906801700592,0.4854285717010498,0.3536950647830963
img0264,0.6397615671157837,0.5227121114730835,0.4860345125198364,0.5789228081703186,0.45579853653907776,0.6921969056129456,0.28272080421447754,0.6184824109077454,0.4769410789012909,0.4185156524181366,0.6804704070091248,0.7019242644309998,0.583419919013977,0.5176411271095276,0.5408743023872375,0.5012502670288086,0.4877256751060486,0.5427542328834534,0.5012502670288086,0.3796328902244568
img0265,0.6305887699127197,0.686837375164032,0.46357351541519165,0.72664874792099,0.43497970700263977,0.8138291239738464,0.711635947227478,0.7013404369354248,0.35958734154701233,0.33987531065940857,0.7894063591957092,0.8289629220962524,0.6084470152854919,0.5364671945571899,0.5516904592514038,0.4944852590560913,0.5011038184165955,0.5621837973594666,0.4944852590560913,0.3726320266723633
img0266,0.6342241168022156,0.537855327129364,0.5103474259376526,0.5786005854606628,0.4502183496952057,0.6989820599555969,0.2696191668510437,0.6305020451545715,0.482298344373703,0.4259328544139862,0.6579621434211731,0.697685182094574,0.5608105063438416,0.52860426902771,0.5665245056152344,0.502231776714325,0.5055919885635376,0.5523208975791931,0.502231776714325,0.3788864314556122
img0267,0.6353947520256042,0.5278118848800659,0.451751708984375,0.7125130295753479,0.4346541166305542,0.8017823696136475,0.6942676305770874,0.6482009887695312,0.3508487045764923,0.2932773232460022,0.7818804383277893,0.8132655620574951,0.5880016088485718,0.6038018465042114,0.5624949932098389,0.5036813020706177,0.5119588971138,0.5556904077529907,0.5036813020706177,0.38170766830444336
img0268,0.6467124223709106,0.5365589261054993,0.5031043291091919,0.5643523335456848,0.06977906078100204,0.7739782929420471,0.69364333152771,0.631747305393219,0.31825610995292664,0.26669415831565857,0.7557530403137207,0.787205696105957,0.5601708889007568,0.5761396884918213,0.5816001296043396,0.3536803722381592,0.5112806558609009,0.5308694243431091,0.4847889542579651,0.4217357933521271
img0269,0.6681289076805115,0.5172044038772583,0.48370951414108276,0.5012519955635071,0.4693940281867981,0.7151131629943848,0.2775850296020508,0.6017351150512695,0.39979082345962524,0.40831664204597473,0.7314032912254333,0.6991363763809204,0.21867990493774414,0.6215963363647461,0.6183021068572998,0.39730921387672424,0.7321991920471191,0.666691243648529,0.3973099887371063,0.4117031693458557
img0270,0.394732266664505,0.653800368309021,0.5225691199302673,0.48096391558647156,0.4281361997127533,0.7123247385025024,0.22445058822631836,0.5891695022583008,0.3700958788394928,0.38415586948394775,0.7157633900642395,0.6786103844642639,0.6669685244560242,0.4557167887687683,0.5303371548652649,0.43338507413864136,0.5393393039703369,0.4883457124233246,0.43338507413864136,0.4490736722946167
img0271,0.6692485809326172,0.49682363867759705,0.39783409237861633,0.4146665930747986,0.16850094497203827,0.4331042468547821,0.28314438462257385,0.5921953320503235,0.38461369276046753,0.42360660433769226,0.7659733295440674,0.6940151453018188,0.6571722626686096,0.45880547165870667,0.5478625893592834,0.49104228615760803,0.527847409248352,0.49085676670074463,0.49104228615760803,0.46056872606277466
img0272,0.6506475806236267,0.49608126282691956,0.4734122157096863,0.47391074895858765,0.4600989818572998,0.67989182472229,0.24755114316940308,0.5690522193908691,0.36123940348625183,0.4017963707447052,0.7354496121406555,0.6731583476066589,0.6574525833129883,0.6373728513717651,0.5046502947807312,0.34636905789375305,0.7648866176605225,0.6875112056732178,0.34636905789375305,0.32457560300827026
img0273,0.39050236344337463,0.47388237714767456,0.5655708909034729,0.558021605014801,0.4843848943710327,0.6693984866142273,0.30887293815612793,0.6536592245101929,0.4325745105743408,0.43836718797683716,0.7541925311088562,0.6410909295082092,0.5980698466300964,0.5560656189918518,0.5742610692977905,0.5239847302436829,0.5642311573028564,0.6092004776000977,0.5239847302436829,0.35095223784446716
img0274,0.5598281025886536,0.4525142312049866,0.576525866985321,0.5427018404006958,0.48186683654785156,0.6541082262992859,0.6399893164634705,0.6270336508750916,0.3085167407989502,0.4372541606426239,0.7579148411750793,0.6024878025054932,0.601459801197052,0.5569640398025513,0.5694125890731812,0.5225884914398193,0.5785053372383118,0.6183480620384216,0.5225884914398193,0.3564737141132355
img0275,0.5808834433555603,0.12875711917877197,0.4879072308540344,0.6730339527130127,0.3908151686191559,0.7245298027992249,0.6701907515525818,0.6322543025016785,0.07295525819063187,0.45962586998939514,0.7996928691864014,0.6257758736610413,0.6161419153213501,0.5727695822715759,0.5868505239486694,0.3564393222332001,0.7166275978088379,0.6230835914611816,0.3564402163028717,0.3712104260921478
img0276,0.41709664463996887,0.635732889175415,0.5595548748970032,0.6498883366584778,0.3547627329826355,0.6898537278175354,0.6791911721229553,0.6304928660392761,0.10781632363796234,0.4440801739692688,0.800446093082428,0.6270319819450378,0.6249469518661499,0.5433271527290344,0.5819353461265564,0.5342518091201782,0.5673121809959412,0.606512725353241,0.5342518091201782,0.38545796275138855
img0277,0.5795896053314209,0.40163058042526245,0.5179054737091064,0.46780237555503845,0.5149801969528198,0.6557402014732361,0.3823660612106323,0.5946376919746399,0.3724527359008789,0.46507522463798523,0.8270428776741028,0.5988149046897888,0.6393525004386902,0.52196204662323,0.23607343435287476,0.3578651249408722,0.7133339643478394,0.5965850949287415,0.3578651249408722,0.3792605996131897
img0278,0.2343417853116989,0.4034807085990906,0.5462253093719482,0.43830958008766174,0.5065145492553711,0.6619197130203247,0.4049047827720642,0.5855560302734375,0.34951162338256836,0.4097031354904175,0.3871864974498749,0.436219722032547,0.3563864827156067,0.5047445893287659,0.6102217435836792,0.5293252468109131,0.5683947205543518,0.5547029376029968,0.5293252468109131,0.3909052014350891
img0279,0.5249279141426086,0.5113213062286377,0.6953545212745667,0.509377121925354,0.31373319029808044,0.6212137341499329,0.35041165351867676,0.5689165592193604,0.34356817603111267,0.41379696130752563,0.7426068782806396,0.5307175517082214,0.6687889099121094,0.44099897146224976,0.36754512786865234,0.21471013128757477,0.77401202917099,0.4810064435005188,0.21470852196216583,0.21629060804843903
img0280,0.14377892017364502,0.32444077730178833,0.7331472039222717,0.3070550858974457,0.0849405899643898,0.2774572968482971,0.214699849486351,0.6146001815795898,0.3559418022632599,0.41230177879333496,0.7445641160011292,0.5785151720046997,0.658720850944519,0.46728086471557617,0.5552119016647339,0.522767186164856,0.6005167961120605,0.5572646260261536,0.522767186164856,0.40168383717536926
img0281,0.5828887820243835,0.44095084071159363,0.591684877872467,0.45492100715637207,0.4558970630168915,0.6631386280059814,0.37897729873657227,0.6096763610839844,0.34701645374298096,0.4338938593864441,0.7550756335258484,0.590304970741272,0.6648905277252197,0.4580531716346741,0.596401572227478,0.5243729948997498,0.6042093634605408,0.5338740944862366,0.5243729948997498,0.42006751894950867
img0282,0.5136241316795349,0.136214941740036,0.6087388396263123,0.5989649891853333,0.25745272636413574,0.603320300579071,0.35936853289604187,0.5562003254890442,0.2835536003112793,0.46464431285858154,0.7104964256286621,0.508119523525238,0.6001375317573547,0.5534612536430359,0.43909236788749695,0.27842977643013,0.7504168748855591,0.6026464104652405,0.27842977643013,0.12908917665481567
img0283,0.4855225384235382,0.44805845618247986,0.7653670907020569,0.43739837408065796,0.44852665066719055,0.642708420753479,0.2862760126590729,0.5435516238212585,0.33917537331581116,0.3961263597011566,0.7006974816322327,0.5373628735542297,0.7255721688270569,0.38303142786026,0.6562226414680481,0.4393015205860138,0.7883268594741821,0.43809962272644043,0.4393015205860138,0.42246562242507935
img0284,0.5107830166816711,0.5188138484954834,0.7887505292892456,0.5178945064544678,0.4461982250213623,0.6486614942550659,0.28880181908607483,0.600472629070282,0.42797958850860596,0.4014093279838562,0.5853700041770935,0.5673048496246338,0.664689302444458,0.4275791049003601,0.6909908056259155,0.45143550634384155,0.7885546088218689,0.47457244992256165,0.45143550634384155,0.40872541069984436
img0285,0.5416183471679688,0.5355682373046875,0.7799312472343445,0.5268091559410095,0.6599768400192261,0.8735877275466919,0.6854619383811951,0.6624211072921753,0.6391406655311584,0.4502122402191162,0.8843590021133423,0.5956815481185913,0.6697741150856018,0.4443468451499939,0.6993119716644287,0.4646875858306885,0.7876449227333069,0.47427791357040405,0.07776858657598495,0.6316527724266052
img0286,0.9042027592658997,0.8312707543373108,0.6947806477546692,0.4010744094848633,0.4734998345375061,0.5344820618629456,0.46671271324157715,0.47723689675331116,0.3833772540092468,0.4634592831134796,0.5910868644714355,0.5066416263580322,0.22633525729179382,0.8230487108230591,0.895331621170044,0.8162574768066406,0.703307032585144,0.4360812306404114,0.5690454244613647,0.37661898136138916
img0287,0.5415322780609131,0.5355778932571411,0.7800034880638123,0.5268304944038391,0.4511687159538269,0.6672648191452026,0.3170066773891449,0.607893705368042,0.44034889340400696,0.40728846192359924,0.6202860474586487,0.5955965518951416,0.6697753071784973,0.4442722499370575,0.6992135643959045,0.46471425890922546,0.7876206040382385,0.4742549955844879,0.46471425890922546,0.6318345069885254
img0288,0.7719715237617493,0.7945770621299744,0.28806939721107483,0.8976228833198547,0.6452826857566833,0.9225607514381409,0.6537958979606628,0.7622974514961243,0.6345280408859253,0.5299453735351562,0.9287219643592834,0.9459043741226196,0.1424129605293274,0.43811410665512085,0.6941727995872498,0.4911994934082031,0.8074069619178772,0.4843410551548004,0.06767066568136215,0.6168788075447083
img0289,0.6425406336784363,0.8229792714118958,0.8001345992088318,0.4412737488746643,0.3896990716457367,0.6354126930236816,0.23705989122390747,0.5544555187225342,0.3215222656726837,0.3317679166793823,0.6290230751037598,0.5274286866188049,0.6848790645599365,0.3580065965652466,0.6334089636802673,0.3917502462863922,0.8117625117301941,0.42500734329223633,0.3917502462863922,0.396889328956604
img0290,0.4614149034023285,0.460729718208313,0.7934186458587646,0.4447680115699768,0.15708360075950623,0.39966675639152527,0.5592970252037048,0.4958963990211487,0.19652169942855835,0.2052273452281952,0.37618914246559143,0.43042123317718506,0.3760194778442383,0.37333643436431885,0.6164402365684509,0.40391314029693604,0.7982719540596008,0.4355190396308899,0.40391314029693604,0.4159380793571472
img0291,0.4571506977081299,0.4299255311489105,0.7575814723968506,0.6349066495895386,0.31770196557044983,0.6623155474662781,0.07584399729967117,0.5258617401123047,0.30999159812927246,0.3549260199069977,0.6525465846061707,0.5055097937583923,0.7173331379890442,0.34370264410972595,0.48545634746551514,0.2876954674720764,0.8085038065910339,0.6327104568481445,0.2876954674720764,0.2906426787376404
img0292,0.2278323769569397,0.4256410002708435,0.7010760307312012,0.42271751165390015,0.38531845808029175,0.6101214289665222,0.2542388141155243,0.5151486396789551,0.19696222245693207,0.1871766448020935,0.35033515095710754,0.41683539748191833,0.7380303144454956,0.3450969159603119,0.5789952278137207,0.4257098436355591,0.7225356698036194,0.4187946617603302,0.4257098436355591,0.020991140976548195
img0293,0.3994690775871277,0.5747988224029541,0.6475666165351868,0.5013231039047241,0.4239940047264099,0.6342291235923767,0.2675400376319885,0.5287308096885681,0.3869032561779022,0.4212547838687897,0.7262437343597412,0.664243757724762,0.500939667224884,0.5486003160476685,0.4703483283519745,0.29316577315330505,0.794882595539093,0.6023267507553101,0.2931656837463379,0.27479127049446106
img0294,0.5760377049446106,0.6622982025146484,0.4356032609939575,0.8036662936210632,0.4804377853870392,0.5970828533172607,0.30328723788261414,0.48571255803108215,0.44979578256607056,0.44456514716148376,0.6993506550788879,0.4970398247241974,0.1966845542192459,0.6496918201446533,0.674910306930542,0.45841315388679504,0.6695826053619385,0.6888175010681152,0.45841315388679504,0.5623834729194641
img0295,0.5066728591918945,0.40105968713760376,0.5806722044944763,0.5165549516677856,0.4486579895019531,0.5494722127914429,0.3312290608882904,0.6848490238189697,0.4252573251724243,0.4135000705718994,0.908271312713623,0.8990094661712646,0.6717617511749268,0.6942020058631897,0.5597758889198303,0.47660303115844727,0.636512279510498,0.46919384598731995,0.47660303115844727,0.5673298239707947
img0296,0.5704997181892395,0.4309650659561157,0.4186897575855255,0.8059409856796265,0.49509939551353455,0.653133749961853,0.36224600672721863,0.5810410976409912,0.4721849858760834,0.5487716197967529,0.7651877403259277,0.5701953768730164,0.7485067248344421,0.5094001293182373,0.705010175704956,0.4828161597251892,0.6603670120239258,0.7309544682502747,0.4828161299228668,0.48342692852020264
img0297,0.6015768647193909,0.7774153351783752,0.48339080810546875,0.8300310373306274,0.5027719736099243,0.659463107585907,0.3971198499202728,0.5671634674072266,0.48818686604499817,0.5690126419067383,0.7741882801055908,0.5611223578453064,0.7454614639282227,0.5218012928962708,0.7163809537887573,0.49902576208114624,0.7084039449691772,0.7789294719696045,0.49902576208114624,0.4919351637363434
img0298,0.7028228044509888,0.43212583661079407,0.5828256607055664,0.5421092510223389,0.545715868473053,0.6749435663223267,0.40086472034454346,0.592922031879425,0.4714062511920929,0.5807392001152039,0.7798542380332947,0.5900145173072815,0.7050350308418274,0.7504679560661316,0.8402183651924133,0.002060005906969309,0.6356205940246582,0.5706311464309692,0.5907629132270813,0.47919586300849915
img0299,0.5829163789749146,0.44118696451187134,0.5883867144584656,0.515293538570404,0.7840682864189148,0.8580272197723389,0.5644187331199646,0.7921395897865295,0.7407494187355042,0.7212687134742737,0.8536198139190674,0.5981307625770569,0.5850019454956055,0.5331668257713318,0.839450478553772,0.7009122371673584,0.6186745762825012,0.5577735304832458,0.7009122371673584,0.3911999762058258
img0300,0.5895878076553345,0.15093649923801422,0.24053403735160828,0.8856345415115356,0.7391828894615173,0.8948888778686523,0.6380318999290466,0.7380042672157288,0.5029692649841309,0.5748205780982971,0.7168404459953308,0.581848680973053,0.8351417183876038,0.7964328527450562,0.9277404546737671,0.7414347529411316,0.618835985660553,0.5870006680488586,0.7009066343307495,0.41325151920318604
img0301,0.626321017742157,0.4769490361213684,0.5662626028060913,0.5588156580924988,0.5676410794258118,0.02141237072646618,0.6357021331787109,0.8160776495933533,0.6980874538421631,0.6737043857574463,0.9051697254180908,0.9468184113502502,0.16393455862998962,0.5685462355613708,0.7883342504501343,0.7139440774917603,0.6080473065376282,0.6034023761749268,0.7139440774917603,0.44335201382637024
img0302,0.6057615280151367,0.4398062229156494,0.5399491190910339,0.6034274101257324,0.5660679936408997,0.6591089963912964,0.4127914607524872,0.5881303548812866,0.5346258878707886,0.11234349757432938,0.929262101650238,0.9216574430465698,0.1380435973405838,0.5644710659980774,0.7464467287063599,0.6339303255081177,0.593136191368103,0.5902605056762695,0.6339303255081177,0.481467604637146
img0303,0.6664441823959351,0.4517851173877716,0.4074230194091797,0.5514388680458069,0.6097496747970581,0.6807112097740173,0.43548068404197693,0.6007323265075684,0.5049188137054443,0.6422701478004456,0.7751041650772095,0.6779836416244507,0.5922232866287231,0.5700857043266296,0.706653356552124,0.7222349047660828,0.46392467617988586,0.5887982249259949,0.7222349047660828,0.46651577949523926
img0304,0.6712777018547058,0.440632700920105,0.42998239398002625,0.5478693842887878,0.5826294422149658,0.6683204174041748,0.4160953760147095,0.5946937799453735,0.5020533204078674,0.6520826816558838,0.7456851005554199,0.6604750156402588,0.5807904601097107,0.5968673825263977,0.7597620487213135,0.7181423306465149,0.48366546630859375,0.6110674142837524,0.7181423306465149,0.44351762533187866
img0305,0.6765411496162415,0.49036911129951477,0.40636998414993286,0.5809642672538757,0.6138923168182373,0.700756847858429,0.43938809633255005,0.6545971035957336,0.5388004779815674,0.6506287455558777,0.7452796697616577,0.7092049717903137,0.5602563619613647,0.60747230052948,0.70322585105896,0.6993159651756287,0.47968563437461853,0.8564967513084412,0.6993159651756287,0.6569223999977112
img0306,0.8023600578308105,0.8356659412384033,0.33363088965415955,0.8906983733177185,0.6715998649597168,0.7663931846618652,0.3677923381328583,0.7107843160629272,0.5562466979026794,0.5380930304527283,0.7107263207435608,0.7600117325782776,0.547635018825531,0.6520695686340332,0.6636874079704285,0.6214851140975952,0.43521758913993835,0.6435630321502686,0.6214851140975952,0.47898492217063904
img0307,0.6631513833999634,0.569911003112793,0.3867295980453491,0.6355998516082764,0.6532221436500549,0.7534056901931763,0.5659428238868713,0.8324111700057983,0.7077454924583435,0.7088643908500671,0.7164391279220581,0.7477039098739624,0.5353912711143494,0.6301233768463135,0.6473568081855774,0.7178829908370972,0.42352691292762756,0.6470587849617004,0.7178829908370972,0.45936912298202515
img0308,0.6424857974052429,0.5953310132026672,0.4311574399471283,0.7003830075263977,0.6491991281509399,0.7686240673065186,0.4308777153491974,0.7241505980491638,0.6339322924613953,0.557056188583374,0.6848365068435669,0.7268224954605103,0.5523564219474792,0.6359348893165588,0.6351639628410339,0.6714507341384888,0.4630559980869293,0.664679765701294,0.6714507341384888,0.4400023818016052
img0309,0.6598218083381653,0.6021551489830017,0.2534341812133789,0.8756346106529236,0.718751847743988,0.8876101970672607,0.5748110413551331,0.8129789233207703,0.04848869517445564,0.5328153371810913,0.684484601020813,0.7531586289405823,0.5530790090560913,0.6097545623779297,0.6179859042167664,0.6696391105651855,0.4490061104297638,0.6289176344871521,0.6696391105651855,0.447952538728714
img0310,0.6303346753120422,0.5418599247932434,0.4330785572528839,0.7595033049583435,0.6267178058624268,0.7015260457992554,0.44884204864501953,0.6504798531532288,0.6946274042129517,0.5380117893218994,0.6745131611824036,0.0691308006644249,0.653102457523346,0.6979544162750244,0.11407337337732315,0.6403548121452332,0.47256508469581604,0.6362860798835754,0.6403548121452332,0.4325633943080902
img0311,0.6153939962387085,0.563981294631958,0.43156173825263977,0.7143593430519104,0.5782181620597839,0.7275351285934448,0.4271351397037506,0.6850730776786804,0.6384557485580444,0.5438465476036072,0.6449790000915527,0.6974899768829346,0.5634790062904358,0.22220978140830994,0.6781113743782043,0.435209721326828,0.6563405394554138,0.6116123795509338,0.6278288960456848,0.43601906299591064
img0312,0.5336928367614746,0.7023438215255737,0.5305458307266235,0.7029783129692078,0.07543603330850601,0.7298615574836731,0.6817927956581116,0.7889901995658875,0.35921424627304077,0.4478124678134918,0.646043598651886,0.7582382559776306,0.5957399606704712,0.7072078585624695,0.5461279153823853,0.47117742896080017,0.5165505409240723,0.5887452960014343,0.4711773693561554,0.39359843730926514
img0313,0.496471107006073,0.71061110496521,0.5474481582641602,0.7309471964836121,0.4311959147453308,0.7134196162223816,0.031223585829138756,0.8016090989112854,0.534570574760437,0.3915085196495056,0.4854624569416046,0.7552739977836609,0.4867367446422577,0.539203941822052,0.4937591254711151,0.4567641317844391,0.5339165329933167,0.5718361735343933,0.4567641317844391,0.393608421087265
img0314,0.5226172208786011,0.6624974012374878,0.49634018540382385,0.6485732197761536,0.5551524758338928,0.7602652311325073,0.26091089844703674,0.7968006730079651,0.5246275663375854,0.41142699122428894,0.5229779481887817,0.13679693639278412,0.70378178358078,0.5476235747337341,0.7587725520133972,0.5441944003105164,0.4728313088417053,0.5264343619346619,0.5441950559616089,0.6107025146484375
img0315,0.6260811686515808,0.5759344100952148,0.4936617910861969,0.6191995143890381,0.6440102458000183,0.773098886013031,0.35974663496017456,0.7359020113945007,0.5394858717918396,0.5406029224395752,0.6997321844100952,0.7529261112213135,0.6083805561065674,0.6231889724731445,0.5760314464569092,0.6295253038406372,0.2856806516647339,0.692143976688385,0.5393290519714355,-0.011415502056479454
img0316,0.635862410068512,0.45999300479888916,0.4560990035533905,0.6102117300033569,0.5944423675537109,0.6727240085601807,0.4434821903705597,0.6191094517707825,0.5839196443557739,0.6656914353370667,0.7907047867774963,0.8206188082695007,0.7470239996910095,0.7781890630722046,0.7067845463752747,0.5157364010810852,0.6969353556632996,0.8163017630577087,0.5157362818717957,0.5112137198448181
img0317,0.759171724319458,0.7527045011520386,0.19732478260993958,0.5219871401786804,0.5774351358413696,0.5740386247634888,0.5189164876937866,0.5536912679672241,0.5016459226608276,0.6260378956794739,0.7536583542823792,0.6183939576148987,0.5463529825210571,0.6784564256668091,0.8238219022750854,0.7513080835342407,0.406997412443161,0.6362799406051636,0.7513072490692139,0.8080556988716125
img0318,0.88753342628479,0.8268227577209473,0.2167728692293167,0.8274747729301453,0.8410693407058716,0.1748732328414917,0.3950928747653961,0.5387764573097229,0.407606303691864,0.47544363141059875,0.6947770714759827,0.5672783851623535,0.6245541572570801,0.4791252017021179,0.6984228491783142,0.5364665985107422,0.736275851726532,0.5349130034446716,0.5364665985107422,0.32293885946273804
img0319,0.33305051922798157,0.3984246253967285,0.7669312357902527,0.4145229160785675,0.3781758248806,0.5094283223152161,0.31752297282218933,0.44867148995399475,0.3434528112411499,0.40301820635795593,0.5777446031570435,0.4236288070678711,0.6286216378211975,0.3777567744255066,0.6405168175697327,0.41744810342788696,0.8030886054039001,0.44694292545318604,0.41744810342788696,0.34106287360191345
img0320,0.4629359841346741,0.43758365511894226,0.6918906569480896,0.4716278910636902,0.5019076466560364,0.6232958436012268,0.3950474262237549,0.5388911366462708,0.40766575932502747,0.47550341486930847,0.6948972344398499,0.5674289464950562,0.624661922454834,0.7711791396141052,0.8977643847465515,0.8542954921722412,0.37911877036094666,0.7227135300636292,0.8542954921722412,0.8079862594604492
img0321,0.5827504992485046,0.4204799234867096,0.4374285340309143,0.5219753980636597,0.5775461196899414,0.5740906596183777,0.5189673900604248,0.553749680519104,0.501625120639801,0.09466210752725601,0.8119118213653564,0.7949801087379456,0.8755864500999451,0.6787135004997253,0.8239901661872864,0.7516403198242188,0.4068126976490021,0.6005580425262451,0.778144121170044,0.39549386501312256
img0322,0.635733962059021,0.46012356877326965,0.4562157988548279,0.6102619171142578,0.5945304036140442,0.672947347164154,0.4433971643447876,0.6193084120750427,0.583875298500061,0.665688693523407,0.7193270921707153,0.677112877368927,0.6036946177482605,0.5952956676483154,0.6810837388038635,0.7530803680419922,0.5055155754089355,0.622287929058075,0.7530803680419922,0.4444088637828827
img0323,0.6519957780838013,0.5758245587348938,0.49373504519462585,0.8251160979270935,0.5585095882415771,0.9178296327590942,-0.054706841707229614,0.735654354095459,0.5391885042190552,0.5405614972114563,0.7000542879104614,0.752549946308136,0.608966052532196,0.6232382655143738,0.5761585831642151,0.6289665102958679,0.5148575901985168,0.6851112246513367,0.6289665102958679,0.3536105453968048
img0324,0.5226172208786011,0.6624974012374878,0.49634018540382385,0.6485732197761536,0.5551524758338928,0.7602652311325073,0.26091089844703674,0.7968006730079651,0.5246275663375854,0.41142699122428894,0.5229779481887817,0.7420915365219116,0.463622510433197,0.5476235747337341,0.7587725520133972,0.5441950559616089,0.4728318750858307,0.5264338850975037,0.5441949963569641,0.6107035875320435
img0325,0.8623031377792358,0.753389835357666,0.19483622908592224,0.8612586855888367,0.7356915473937988,0.7829013466835022,0.257544606924057,0.8372485637664795,0.5075485706329346,0.4374178349971771,0.5311083793640137,0.7705019116401672,0.47839784622192383,0.5719811916351318,0.4727011024951935,0.5164045691490173,0.5359947085380554,0.631443440914154,0.5164045691490173,0.3447483479976654
img0326,0.4942179024219513,0.7176983952522278,0.5386894345283508,0.18490508198738098,0.5403561592102051,0.9129473567008972,0.7049628496170044,0.7437252402305603,0.46770718693733215,0.4390150308609009,0.8769521713256836,0.9216763973236084,0.7053937315940857,0.7415767908096313,0.7451303601264954,0.516710102558136,0.6580818891525269,0.7722477912902832,0.516710102558136,0.5254049301147461
img0327,0.23097006976604462,0.7217454314231873,0.5465643405914307,0.6043235063552856,0.5911462306976318,0.8149816393852234,0.28123483061790466,0.8447024822235107,0.49002477526664734,0.44384661316871643,0.5588961243629456,0.7959973812103271,0.510737419128418,0.545961320400238,0.4956733286380768,0.5297620296478271,0.5465585589408875,0.6662877202033997,0.2702826261520386,0.24007637798786163
img0328,0.6289277076721191,0.7381628751754761,0.44809433817863464,0.7955317497253418,0.4958808720111847,0.8731020092964172,0.6723553538322449,0.8165169358253479,0.44955629110336304,0.4896271824836731,0.08012717962265015,0.7742628455162048,0.49794796109199524,0.542938232421875,0.4859907627105713,0.48562851548194885,0.5624001026153564,0.6119500398635864,0.48562851548194885,0.3396729826927185
img0329,0.5089393854141235,0.8296636343002319,0.39870771765708923,0.815697193145752,0.6188320517539978,0.8418670892715454,0.2610491216182709,0.8413168787956238,0.43485891819000244,0.4664742350578308,0.5593765377998352,0.7766034603118896,0.5355315804481506,0.5196170210838318,0.7622135281562805,0.6180849075317383,0.5933733582496643,0.8089632987976074,0.6180849075317383,0.6045659780502319
img0330,0.7263349890708923,0.6714079976081848,0.6182966232299805,0.5405707955360413,0.5394348502159119,0.8184676170349121,0.3069970905780792,0.8827439546585083,0.15735410153865814,0.619062602519989,0.8414943814277649,0.9122925400733948,0.5372554659843445,0.5887162685394287,0.576195240020752,0.5876485705375671,0.6066925525665283,0.6465907096862793,0.5876485705375671,0.07244999706745148
img0331,0.835441529750824,0.7865586280822754,0.2672002911567688,0.8638340830802917,0.7004950046539307,0.9408372640609741,0.5757800936698914,0.8104827404022217,0.6593976616859436,0.6300984025001526,0.07622647285461426,0.8133000731468201,0.5837871432304382,0.6049596667289734,0.5751358866691589,0.5910320281982422,0.6280848383903503,0.6575434803962708,0.5910320281982422,0.3966232240200043
img0332,0.5454096794128418,0.712413489818573,0.5827723145484924,0.536032497882843,0.5578405857086182,0.8121958374977112,0.2918146252632141,0.9044533967971802,0.4253384470939636,0.47568759322166443,0.6026489734649658,0.8522188067436218,0.5291852951049805,0.5463873147964478,0.5073913931846619,0.648828387260437,0.5267395973205566,0.7745494842529297,0.6488296389579773,0.647053599357605
img0333,0.6806282997131348,0.8190739154815674,0.5899307727813721,0.5553733706474304,0.5059241056442261,0.7587924599647522,0.2049250453710556,0.8375833034515381,0.4437694847583771,0.6927972435951233,0.690625011920929,0.7965064644813538,0.7588526010513306,0.8545210957527161,0.6470606327056885,0.5567043423652649,0.6426064968109131,0.9049974083900452,0.5567055344581604,0.5159717202186584
img0334,0.7330560088157654,0.8497589826583862,0.24460086226463318,0.5625817775726318,0.4882129728794098,0.7399768829345703,0.2173621952533722,0.8209893703460693,0.4552586078643799,0.4682648479938507,0.11601466685533524,0.8175375461578369,0.7938357591629028,0.8824577927589417,0.6983417272567749,0.6172663569450378,0.5956155061721802,0.19520051777362823,0.4888034760951996,0.36979833245277405
img0335,0.5176879167556763,0.7525149583816528,0.5588615536689758,0.5600101947784424,0.519892156124115,0.8088350892066956,0.2163763791322708,0.8944330215454102,0.45367878675460815,0.41371744871139526,0.5100632309913635,0.8357109427452087,0.4966576099395752,0.5152270197868347,0.4397314786911011,0.49964964389801025,0.5661739110946655,0.5759285092353821,0.49964964389801025,0.40077540278434753
img0336,0.5372448563575745,0.7271004915237427,0.5727447867393494,0.6003513932228088,0.5247941613197327,0.8186538815498352,0.2505236566066742,0.9187872409820557,0.4978223741054535,0.24769268929958344,0.8499480485916138,0.8991458415985107,0.1669507920742035,0.5509015321731567,0.4804103970527649,0.5297141075134277,0.5860897898674011,0.6138545870780945,0.5297141075134277,0.4316730201244354
img0337,0.4696165919303894,0.7209344506263733,0.5536590218544006,0.5690629482269287,0.4584560990333557,0.7792506814002991,0.19890178740024567,0.9350664615631104,0.4559629261493683,0.40838921070098877,0.4704897105693817,0.775363564491272,0.2421148419380188,0.6505982279777527,0.4634069800376892,0.33639076352119446,0.7626162767410278,0.7144072651863098,0.33639076352119446,0.14678515493869781
img0338,0.43818992376327515,0.5490661859512329,0.5729419589042664,0.5173122882843018,0.4528934061527252,0.7083672881126404,0.2579943537712097,0.7647415399551392,0.4284600615501404,0.5492724776268005,0.5661876201629639,0.6211463212966919,0.5668420195579529,0.48285311460494995,0.4740782082080841,0.5246937274932861,0.5884312987327576,0.5520764589309692,0.5246937274932861,0.38577237725257874
img0339,0.18976768851280212,0.7854228615760803,0.5052461624145508,0.19968579709529877,0.4347779154777527,0.6848344802856445,0.280337393283844,0.7251545190811157,0.3986622989177704,0.5835538506507874,0.5880001187324524,0.6103633642196655,0.5826088190078735,0.4663229286670685,0.50278639793396,0.5325609445571899,0.5800006985664368,0.5230435132980347,0.5325609445571899,0.412494033575058
img0340,0.5074158310890198,0.42760393023490906,0.5295476913452148,0.40048956871032715,0.4022749364376068,0.6052286028862,0.29564136266708374,0.6190778613090515,0.13210336863994598,0.7096801400184631,0.8642718195915222,0.903014600276947,0.8390231728553772,0.8645889163017273,0.8618553280830383,0.7556273341178894,0.45648062229156494,0.8309048414230347,0.7556273341178894,0.7182547450065613
img0341,0.41091451048851013,0.6529971361160278,0.5092043876647949,0.48710867762565613,0.3916017413139343,0.6824454665184021,0.26013076305389404,0.9022872447967529,0.4058879017829895,0.4595597982406616,0.45528677105903625,0.6786795854568481,0.4360591769218445,0.5384802222251892,0.4016520082950592,0.4851275682449341,0.4998394846916199,0.5941852927207947,0.4851275682449341,0.5534824132919312
img0342,0.48845174908638,0.7011160850524902,0.6399911642074585,0.6543225049972534,0.37808001041412354,0.6014427542686462,0.6678494811058044,0.8284662961959839,0.36656010150909424,0.5013479590415955,0.5286381840705872,0.6371034383773804,0.4372703433036804,0.5832215547561646,0.47310391068458557,0.576797604560852,0.4812827408313751,0.6173208951950073,0.576797604560852,0.3810124099254608
img0343,0.48424211144447327,0.7272623181343079,0.5039573907852173,0.5744752287864685,0.4640588164329529,0.7407346367835999,0.23223833739757538,0.9207541346549988,0.46901774406433105,0.36096999049186707,0.4706054627895355,0.7601041793823242,0.43911707401275635,0.5155142545700073,0.4061974585056305,0.4857444763183594,0.4871555268764496,0.5855807662010193,0.4857444763183594,0.37677785754203796
img0344,0.48103398084640503,0.6752482056617737,0.43922144174575806,0.5053393244743347,0.5016091465950012,0.7502513527870178,0.20857617259025574,0.8668692708015442,0.4185447096824646,0.3474774956703186,0.47148948907852173,0.7509608864784241,0.4200424551963806,0.48759743571281433,0.4204273223876953,0.48501089215278625,0.42536383867263794,0.27417659759521484,0.6702695488929749,0.6432039141654968
img0345,0.8535390496253967,0.8383500576019287,0.2595039904117584,0.9063258767127991,0.7191333174705505,0.9203692674636841,0.6333798766136169,0.835319459438324,0.6887319684028625,0.6770574450492859,0.8899277448654175,0.9382421374320984,0.8410161137580872,0.8703128099441528,0.90601646900177,0.5202425122261047,0.49684396386146545,0.4973745346069336,0.5202425718307495,0.41240617632865906
img0346,0.4975976347923279,0.6349879503250122,0.501837968826294,0.4232049882411957,0.6566576957702637,0.8522734642028809,0.279699444770813,0.7674424052238464,0.36758387088775635,0.4896281659603119,0.5410023331642151,0.7754054665565491,0.8433791399002075,0.8496369123458862,0.8247960209846497,0.8652215003967285,0.3335498869419098,0.7828962206840515,0.8652215003967285,0.412715882062912
img0347,0.6006838083267212,0.5861905217170715,0.5087376236915588,0.6400226950645447,0.6097201704978943,0.7995505332946777,0.35486727952957153,0.71659916639328,0.5559945702552795,0.5292280316352844,0.6375877857208252,0.7631692886352539,0.5688951015472412,0.5773687362670898,0.6120129823684692,0.07756916433572769,0.49715813994407654,0.7629578709602356,0.690005362033844,0.44493621587753296
img0348,0.563801646232605,0.7039381861686707,0.5549214482307434,0.6398646235466003,0.5741512179374695,0.8371403217315674,0.25138047337532043,0.8352353572845459,0.5195985436439514,0.4306454658508301,0.6046953201293945,0.8091890811920166,0.5404872894287109,0.5638124942779541,0.5017459988594055,0.5145573616027832,0.5527881383895874,0.6142693161964417,0.5145573616027832,0.4036162495613098
img0349,0.6024948358535767,0.6622897982597351,0.5453678965568542,0.6383593082427979,0.5704554915428162,0.8443189263343811,0.2931802570819855,0.8119840025901794,0.5295776128768921,0.47598138451576233,0.6545549631118774,0.7849183678627014,0.5648537874221802,0.5826935172080994,0.5833961963653564,0.5428004264831543,0.552641749382019,0.6223559379577637,0.5428004264831543,0.4294503927230835
img0350,0.628871500492096,0.5684835910797119,0.443354070186615,0.6909208297729492,0.5931049585342407,0.7658166289329529,0.3520844876766205,0.6854333877563477,0.6251721978187561,0.5224953889846802,0.6005003452301025,0.7346439957618713,0.5052160024642944,0.8844402432441711,0.8799450993537903,0.6990710496902466,0.16221147775650024,0.5909746289253235,0.5805094242095947,0.3813228905200958
img0351,0.6175864338874817,0.5826321840286255,0.23434802889823914,0.8917043209075928,0.7406238913536072,0.8999649286270142,0.6254433393478394,0.7515906691551208,0.7146020531654358,0.6501568555831909,0.884078323841095,0.9115955829620361,0.8486888408660889,0.8215692043304443,0.92131108045578,0.7493966221809387,0.48410239815711975,0.6287394165992737,0.6437357068061829,0.3885408341884613
img0352,0.5927252769470215,0.6375484466552734,0.5275595784187317,0.661343514919281,0.6369993090629578,0.8897080421447754,0.605553925037384,0.03922487050294876,0.5536758303642273,0.47722259163856506,0.6405208110809326,0.7536830902099609,0.5617375373840332,0.5907053351402283,0.5827726721763611,0.06874202191829681,0.4653860330581665,0.6280046105384827,0.6077117919921875,0.6481593251228333
img0353,0.5597050786018372,0.7075496912002563,0.4004022777080536,0.7939487099647522,0.45145028829574585,0.8409286141395569,0.29583460092544556,0.7625172138214111,0.5708086490631104,0.45023399591445923,0.5969998240470886,0.7403200268745422,0.2261808067560196,0.7205684781074524,0.6653404831886292,0.44857046008110046,0.6457974910736084,0.742379903793335,0.44857046008110046,0.39294010400772095
img0354,0.5476299524307251,0.6286815404891968,0.5016825795173645,0.6356407403945923,0.5118324160575867,0.8161389827728271,0.2546731233596802,0.7701577544212341,0.5130377411842346,0.3926348090171814,0.5244780778884888,0.7307239174842834,0.4873073995113373,0.5450462698936462,0.5533146262168884,0.46660420298576355,0.48573923110961914,0.5801115036010742,0.46660420298576355,0.3838178813457489
img0355,0.31401902437210083,0.7551072835922241,0.41613975167274475,0.15048158168792725,0.5966272354125977,0.799517810344696,0.3540734350681305,0.7726566791534424,0.5471394062042236,0.535075306892395,0.802745521068573,0.8376372456550598,0.6718367338180542,0.03398749604821205,0.6089156270027161,0.6243572235107422,0.506465494632721,0.6316623091697693,0.6243572235107422,0.36676084995269775
img0356,0.6271352767944336,0.601064920425415,0.47508999705314636,0.6446241736412048,0.6429765224456787,0.7858651876449585,0.6918038725852966,0.6883111000061035,0.2828303277492523,0.5530534982681274,0.7090387940406799,0.7774813771247864,0.5493963956832886,0.6159209609031677,0.6620028614997864,0.6740374565124512,0.4862639009952545,0.6406952738761902,0.6740374565124512,0.3770621120929718
img0357,0.6513159871101379,0.46233588457107544,0.4077082574367523,0.5474789142608643,0.6601956486701965,0.6827415823936462,0.6585360169410706,0.7928070425987244,0.6036614179611206,-0.005635763984173536,0.7639330625534058,0.71523517370224,0.5386863946914673,0.5823848247528076,0.7145735621452332,0.7138761878013611,0.44251272082328796,0.5853659510612488,0.7138761878013611,0.38952934741973877
img0358,0.5639246106147766,0.5836695432662964,0.5203214287757874,0.6325565576553345,0.5435985922813416,0.7897068858146667,0.30532708764076233,0.73935467004776,0.5315184593200684,0.44840970635414124,0.5857846736907959,0.7015794515609741,0.5530280470848083,0.5570482611656189,0.622739315032959,0.5146600008010864,0.513729989528656,0.5883267521858215,0.7038636803627014,0.6648882627487183
img0359,0.7399608492851257,0.6800457835197449,0.17292901873588562,0.810751736164093,0.6444637775421143,0.9383431077003479,0.5401228666305542,0.6382998824119568,0.5589129328727722,-0.018996499478816986,0.5540047287940979,0.7108684778213501,0.5195916891098022,0.5388275384902954,0.6132333278656006,0.4784030616283417,0.5269220471382141,0.5667109489440918,0.4784030616283417,0.40225663781166077
img0360,0.5140938758850098,0.6468600034713745,0.5409075617790222,0.6031423807144165,0.5229079723358154,0.8286254405975342,0.26082268357276917,0.7942491173744202,0.4927498996257782,0.22256670892238617,0.9451514482498169,0.9436398148536682,0.7725998163223267,0.7878801226615906,0.8892154097557068,0.6540165543556213,0.5303884744644165,0.5777260661125183,0.4876667559146881,0.3996104896068573
img0361,0.5514519810676575,0.4877992272377014,0.6266797184944153,0.5609902739524841,0.5451149344444275,0.7430276274681091,0.11411690711975098,0.7662892937660217,0.6080025434494019,0.5381156206130981,0.9301083087921143,0.950151264667511,0.7966786623001099,0.8010332584381104,0.8710022568702698,0.6669145822525024,0.540785014629364,0.6184229850769043,0.6211278438568115,0.3987472653388977
img0362,0.5766481161117554,0.41368579864501953,0.5661621689796448,0.5144649147987366,0.5653964281082153,0.6604495048522949,0.470054566860199,0.5675658583641052,0.4772423505783081,0.6262432336807251,0.7951343059539795,0.5968737006187439,0.6443706750869751,0.545767605304718,0.7548120021820068,0.6772578954696655,0.4698971211910248,0.8345919847488403,0.7143771648406982,0.6802699565887451
img0363,0.6051515936851501,0.41816842555999756,0.5307384729385376,0.48254963755607605,0.5648963451385498,0.6794135570526123,0.44302254915237427,0.5816689729690552,0.452312707901001,0.6415222883224487,0.805325448513031,0.030005211010575294,0.7181646227836609,0.7474556565284729,0.7480018138885498,0.5549489855766296,0.6334604620933533,0.8122926354408264,0.5549489259719849,0.5412671566009521
img0364,0.7691155076026917,0.9088131189346313,0.37380164861679077,0.21625158190727234,0.5388638377189636,0.6470630764961243,0.39296919107437134,0.6007826924324036,0.4466822147369385,0.6161873936653137,0.7265647053718567,0.5926976799964905,0.6212931871414185,0.5684258341789246,0.6543678641319275,0.6219647526741028,0.4781077206134796,0.6000150442123413,0.6219647526741028,0.6225758790969849
img0365,0.829472541809082,0.7292051315307617,0.09043014049530029,0.7773851752281189,0.8647175431251526,0.766225278377533,0.4825378954410553,0.5887126922607422,0.46181192994117737,0.6092137694358826,0.7752625346183777,0.6051676273345947,0.6264907121658325,0.5292247533798218,0.08980806171894073,0.8606764078140259,0.2796890139579773,0.6166666150093079,0.8606761693954468,0.8412982821464539
img0366,0.8375726938247681,0.7120892405509949,0.07640688121318817,0.6971251368522644,0.9275076985359192,0.5329543352127075,0.3105362057685852,0.4918205142021179,0.2924211621284485,0.49461978673934937,0.6561854481697083,0.4794713258743286,0.4989570379257202,0.44137951731681824,0.5187496542930603,0.47213640809059143,0.4026592969894409,0.48462092876434326,0.47213640809059143,0.3411564528942108
img0367,0.6012051701545715,0.41642075777053833,0.4083786904811859,0.4912787675857544,0.5754390954971313,0.644385039806366,0.48267149925231934,0.5887537598609924,0.4619513750076294,0.6092847585678101,0.7752066850662231,0.6050572991371155,0.6263841986656189,0.5292573571205139,0.6430824398994446,0.6683712005615234,0.47264209389686584,0.5632026791572571,0.6683712005615234,0.4530479609966278
img0368,0.6351149082183838,0.43364784121513367,0.5024347305297852,0.46729087829589844,0.5801936388015747,0.8529188632965088,0.7285945415496826,0.19014273583889008,0.42715001106262207,0.6222144961357117,0.7729048728942871,0.6573518514633179,0.6318846940994263,0.5643438100814819,0.7265587449073792,0.6614644527435303,0.16105511784553528,0.8023871779441833,0.5900859236717224,0.5596253275871277
img0369,0.658079981803894,0.689780592918396,0.25170204043388367,0.8139234781265259,0.5809312462806702,0.9184535145759583,0.6745400428771973,0.023447947576642036,0.32630133628845215,0.6069104671478271,0.7131679654121399,0.5699335932731628,0.5413408279418945,0.44991186261177063,0.7548049688339233,0.6212223768234253,0.43683087825775146,0.46122080087661743,0.6212223768234253,0.41163673996925354
img0370,0.6141773462295532,0.3333436846733093,0.3972397446632385,0.38763487339019775,0.37293142080307007,0.9422922730445862,0.6185814738273621,0.7104881405830383,0.35484614968299866,0.6021157503128052,0.7497846484184265,0.6044318675994873,0.44523680210113525,0.7755376100540161,0.8873991370201111,0.6560741066932678,0.490041047334671,0.7568469643592834,0.6560735702514648,0.6374030709266663
img0371,0.8722810745239258,0.7644298672676086,0.0941554456949234,0.4474579095840454,0.5889493227005005,0.6071369647979736,0.45201408863067627,0.4888368844985962,0.4397866427898407,0.6702381372451782,0.7581154704093933,0.5619410872459412,0.5610358715057373,0.5397081971168518,0.7596127390861511,0.6604998707771301,0.45555320382118225,0.536906361579895,0.6604998707771301,0.39207494258880615
img0372,0.46921029686927795,0.40458112955093384,0.6915615797042847,0.392295241355896,0.4749821722507477,0.6094034910202026,0.3879075348377228,0.5086665153503418,0.33965998888015747,0.538633406162262,0.6820251941680908,0.5341512560844421,0.640417218208313,0.42842164635658264,0.8427529335021973,0.5544631481170654,0.7402859330177307,0.45418238639831543,0.5544631481170654,0.3806097209453583
img0373,0.5791456699371338,0.33295589685440063,0.3249901831150055,0.8071751594543457,0.6303110718727112,0.6961933970451355,0.5353024005889893,0.827052891254425,0.7546480298042297,0.7841410040855408,0.6717119812965393,0.7388357520103455,0.8078405857086182,0.8511200547218323,0.7922767400741577,0.6833235621452332,0.43190550804138184,0.8131067156791687,0.7207666039466858,0.41213372349739075
img0374,0.5952856540679932,0.3243843615055084,0.3613591492176056,0.4721935987472534,0.47580429911613464,0.5464910864830017,0.389482319355011,0.4874391257762909,0.4336521625518799,0.6109603643417358,0.6161383986473083,0.5628798604011536,0.4847778379917145,0.4732193648815155,0.6728013753890991,0.6681604981422424,0.49743136763572693,0.833299458026886,0.7071692943572998,0.6606782674789429
img0375,0.6813614964485168,0.816369891166687,0.551297128200531,0.3962590992450714,0.4155723750591278,0.5977151393890381,0.3494430482387543,0.5205383896827698,0.3221047520637512,0.5093430280685425,0.6337110996246338,0.5342302918434143,0.633236289024353,0.427272230386734,0.7964242100715637,0.5168326497077942,0.774605929851532,0.8491783142089844,0.5601142644882202,0.5305007696151733
img0376,0.6474021673202515,0.8193527460098267,0.5299347043037415,0.8080163598060608,0.5634548664093018,0.8314161896705627,0.7457563281059265,0.8084666132926941,0.3368077874183655,0.48645490407943726,0.6502105593681335,0.5134385228157043,0.64838707447052,0.4135711193084717,0.8030121326446533,0.5055565237998962,0.7985127568244934,0.2103537768125534,0.5564346313476562,0.5470884442329407
img0377,0.8599772453308105,0.8217418193817139,0.24500229954719543,0.8608779907226562,0.12017317116260529,0.5158504843711853,0.28960859775543213,0.45666906237602234,0.34762436151504517,0.3919967710971832,0.5837291479110718,0.4300989806652069,0.6565924882888794,0.7827544808387756,0.8487429022789001,0.7704018354415894,0.8147856593132019,0.44854679703712463,0.4120655357837677,0.3434256911277771
img0378,0.4469919204711914,0.2217792421579361,0.28525543212890625,0.8678399920463562,0.7846344709396362,0.8252184987068176,0.6939456462860107,0.7353552579879761,0.771030843257904,0.635774552822113,0.8042749166488647,0.8501636385917664,0.879004955291748,0.7591894268989563,0.8636349439620972,0.7572442293167114,0.48399534821510315,0.7317673563957214,0.7572448253631592,0.742896318435669
img0379,0.4541650116443634,0.6929967403411865,0.5594297051429749,0.6861185431480408,0.4488966763019562,0.6387077569961548,0.3408164381980896,0.5559046864509583,0.4079824686050415,0.184816375374794,0.5929305553436279,0.651888370513916,0.3349253237247467,0.47680485248565674,0.6786646842956543,0.47964975237846375,0.7557830214500427,0.5389595627784729,0.47964975237846375,0.3522581160068512
img0380,0.44438275694847107,0.4438740015029907,0.7169390916824341,0.46203377842903137,0.4382278323173523,0.6056686043739319,0.3386489748954773,0.5305518507957458,0.37695804238319397,0.3857711851596832,0.6294763684272766,0.5179174542427063,0.23071880638599396,0.5705894231796265,0.560305118560791,0.05816838890314102,0.7367889285087585,0.49568235874176025,0.47598913311958313,0.3307027816772461
img0381,0.4694194793701172,0.4480970799922943,0.6884633302688599,0.44852447509765625,0.45484310388565063,0.6125925183296204,0.325505793094635,0.529629111289978,0.3723432421684265,0.41014695167541504,0.6389798521995544,0.5298432111740112,0.6142795085906982,0.4273267984390259,0.6204960346221924,0.43076738715171814,0.7068373560905457,0.6668463945388794,0.4307669699192047,0.4358321726322174
img0382,0.6792965531349182,0.8289878964424133,0.41572001576423645,0.18699024617671967,0.5135667324066162,0.6820982694625854,0.3596675395965576,0.5881157517433167,0.42366674542427063,0.4802350401878357,0.7071866989135742,0.6200959086418152,0.8016648292541504,0.715773344039917,0.7521489262580872,0.09694404155015945,0.7212507128715515,0.5504550933837891,0.5563839673995972,0.38634204864501953
img0383,0.5339275002479553,0.516219437122345,0.7106252908706665,0.523568868637085,0.48513075709342957,0.6967874765396118,0.315161794424057,0.6168895363807678,0.4326075315475464,0.4629850387573242,0.6788332462310791,0.8517488241195679,0.8381006717681885,0.7570627331733704,0.1425963044166565,0.526596188545227,0.7232846021652222,0.556110680103302,0.526596188545227,0.41203293204307556
img0384,0.5170838236808777,0.5044300556182861,0.6743137836456299,0.5002950429916382,0.49829989671707153,0.6829331517219543,0.34271275997161865,0.6233759522438049,0.42308762669563293,0.4703330099582672,0.678484320640564,0.6128586530685425,0.24472332000732422,0.5967236161231995,0.4954860210418701,0.3746927082538605,0.6889631748199463,0.5466904640197754,0.5624209046363831,0.3988422155380249
img0385,0.5706233382225037,0.5144184231758118,0.7110716700553894,0.5116333365440369,0.48869335651397705,0.6990979313850403,0.31952163577079773,0.6241461038589478,0.4260093569755554,0.4343428611755371,0.6838850975036621,0.6421119570732117,0.623840868473053,0.48850351572036743,0.6719303727149963,0.5306533575057983,0.7110100388526917,0.5693007707595825,0.5306533575057983,0.3915157616138458
img0386,0.5703681707382202,0.537120521068573,0.7183837890625,0.49974700808525085,0.4981638491153717,0.7277365922927856,0.3360392153263092,0.6325269937515259,0.4109708070755005,0.432537704706192,0.7040594220161438,0.6639648675918579,0.6298443675041199,0.4951932430267334,0.6738114953041077,0.5169742107391357,0.7315741777420044,0.6950092315673828,0.47658225893974304,0.48489487171173096
img0387,0.5724357962608337,0.7817107439041138,0.403902143239975,0.753374457359314,0.5961113572120667,0.7729840874671936,0.7376146912574768,0.652930498123169,0.4502931833267212,0.47543859481811523,0.15389125049114227,0.6282965540885925,0.6313824653625488,0.4847920835018158,0.6914046406745911,0.5707727074623108,0.704016387462616,0.5601865649223328,0.5707727074623108,0.39316192269325256
img0388,0.5932896137237549,0.4731184244155884,0.5228499174118042,0.46768683195114136,0.47367796301841736,0.617621123790741,0.3268412947654724,0.6035419702529907,0.40598711371421814,0.4555414319038391,0.6595167517662048,0.5667240619659424,0.5214430093765259,0.4700811505317688,0.5058190822601318,0.5579020977020264,0.5333496928215027,0.5831364989280701,0.5579020977020264,0.4184281527996063
img0389,0.6085926294326782,0.48055464029312134,0.4726998507976532,0.44404587149620056,0.45964568853378296,0.6084739565849304,0.31947576999664307,0.5982403755187988,0.4103737771511078,0.44841909408569336,0.609117329120636,0.5761714577674866,0.4806908965110779,0.4453514516353607,0.45404720306396484,0.5408740639686584,0.483277291059494,0.5481348633766174,0.5408740639686584,0.4888995289802551
img0390,0.6392799019813538,0.5207370519638062,0.46103399991989136,0.5018856525421143,0.49933186173439026,0.8523603081703186,0.6939376592636108,0.17474544048309326,0.452647864818573,0.4911242127418518,0.593061089515686,0.6214678287506104,0.47096848487854004,0.48498833179473877,0.48292914032936096,0.5803477764129639,0.472135990858078,0.5927660465240479,0.5803477764129639,0.4565656781196594
img0391,0.6268653869628906,0.4648779332637787,0.521713376045227,0.49516624212265015,0.5468314290046692,0.6772857904434204,0.38603976368904114,0.6191506385803223,0.41911107301712036,0.49326372146606445,0.7251691222190857,0.6231005191802979,0.5395159721374512,0.5250610113143921,0.6049786806106567,0.5932987332344055,0.5369001030921936,0.6107717752456665,0.5932987332344055,0.3887796998023987
img0392,0.6090126037597656,0.501122236251831,0.5230010747909546,0.07116100192070007,0.5862736105918884,0.8921483159065247,0.6939027905464172,0.7202531695365906,0.5237846970558167,0.4202515482902527,0.8789991736412048,0.9208851456642151,0.7135534882545471,0.7222614288330078,0.7911183834075928,0.03942234441637993,0.5278826951980591,0.6076588034629822,0.5763929486274719,0.4190766215324402
img0393,0.587905764579773,0.399928480386734,0.4776899814605713,0.47556254267692566,0.6152930855751038,0.5964804291725159,0.5046321153640747,0.5343748927116394,0.44422322511672974,0.565971851348877,0.7909789085388184,0.5588347315788269,0.5500707626342773,0.19289524853229523,0.2773297429084778,0.15576504170894623,0.37346020340919495,0.5820027589797974,0.6661412119865417,0.3772538900375366
img0394,0.6043726205825806,0.4178142249584198,0.4595101773738861,0.5023078918457031,0.596035361289978,0.627829909324646,0.4817924499511719,0.5519796013832092,0.4540073275566101,0.5785872936248779,0.8176056742668152,0.5899179577827454,0.5824911594390869,0.5449711680412292,0.24457192420959473,0.19989798963069916,0.729749321937561,0.32639071345329285,0.6536952257156372,0.4099203050136566
img0395,0.6595123410224915,0.46296676993370056,0.4741089940071106,0.48207786679267883,0.058752577751874924,0.778843879699707,0.6833984851837158,0.6063264012336731,0.33371657133102417,0.292288213968277,0.7508739829063416,0.3143235445022583,0.6203320026397705,0.553581714630127,0.6397591829299927,0.5600221157073975,0.5208486318588257,0.586469829082489,0.4490494430065155,0.3716718852519989
img0396,0.4169572591781616,0.6586290001869202,0.5043905973434448,0.5223267078399658,0.510097861289978,0.6998749375343323,0.3968334496021271,0.6472569108009338,0.4291374087333679,0.5013156533241272,0.051593586802482605,0.6732242703437805,0.5506070852279663,0.6084777116775513,0.4854113459587097,0.3108550012111664,0.7551672458648682,0.23396891355514526,0.5889561772346497,0.427376389503479
img0397,0.6750068068504333,0.4876146614551544,0.5048165321350098,0.49265655875205994,0.5348159670829773,0.6938636302947998,0.4063222110271454,0.6277229189872742,0.4078841507434845,0.507037341594696,0.8174625635147095,0.6678232550621033,0.6361011862754822,0.5247396230697632,0.6066598892211914,0.6171813607215881,0.5525369048118591,0.5845882296562195,0.6171813607215881,0.4600078761577606
img0398,0.6807599663734436,0.5523442625999451,0.4931144714355469,0.5235870480537415,0.5277448892593384,0.7345255017280579,0.3747829496860504,0.6881092190742493,0.43778061866760254,0.48011279106140137,0.7974333763122559,0.7246121764183044,0.6284920573234558,0.5333110094070435,0.5451894998550415,0.5884633660316467,0.53071129322052,0.5930472612380981,0.5884633660316467,0.49241113662719727
img0399,0.7002807855606079,0.5182249546051025,0.4405164420604706,0.47876250743865967,0.5682483315467834,0.7127875089645386,0.41528773307800293,0.6516901850700378,0.4185895025730133,0.47976407408714294,0.8058551549911499,0.7174343466758728,0.6064119338989258,0.4953848421573639,0.5506994724273682,0.5970263481140137,0.4880841076374054,0.5420742630958557,0.5970263481140137,0.5046567916870117
img0400,0.12646767497062683,0.8007243871688843,0.4617307484149933,0.8342967629432678,0.5373356342315674,0.8451526165008545,0.7412644028663635,0.5570983290672302,0.38666653633117676,0.416627436876297,0.6989150643348694,0.6533659100532532,0.7292595505714417,0.3890884220600128,0.49528127908706665,0.4674590229988098,0.559141218662262,0.4314480423927307,0.4674590229988098,0.5578587055206299
img0401,0.6091827750205994,0.4992522895336151,0.5409080982208252,0.481946736574173,0.40588608384132385,0.6315529346466064,0.20671473443508148,0.5373901128768921,0.3855188488960266,0.42631715536117554,0.6803668141365051,0.6313090324401855,0.7342621088027954,0.3889017105102539,0.4741164445877075,0.46072903275489807,0.5797428488731384,0.4285832643508911,0.46072903275489807,0.5670899152755737
img0402,0.5856726765632629,0.4905034899711609,0.5185530781745911,0.4396703541278839,0.3635775148868561,0.6292768716812134,0.7224511504173279,0.771896481513977,0.37386631965637207,0.48969632387161255,0.6668934226036072,0.7389086484909058,0.31683847308158875,0.3652505576610565,0.46018415689468384,0.42759034037590027,0.5661524534225464,0.39867570996284485,0.42759034037590027,0.5082695484161377
img0403,0.667740523815155,0.492436945438385,0.5172725915908813,0.4665483236312866,0.4565419554710388,0.6785034537315369,0.2674402594566345,0.5844491124153137,0.36632224917411804,0.4299776554107666,0.7831470966339111,0.663237988948822,0.6751435995101929,0.4523216187953949,0.5481317639350891,0.4948086142539978,0.5536146759986877,0.49367785453796387,0.4948086142539978,0.5118331909179688
img0404,0.6750193238258362,0.4846326410770416,0.5083125829696655,0.4806011915206909,0.4776217043399811,0.6810556650161743,0.2776508033275604,0.5913775563240051,0.3766663074493408,0.4261009693145752,0.795379102230072,0.6680880784988403,0.6828281879425049,0.6539654731750488,0.5508971214294434,0.4015635550022125,0.7674145102500916,0.7155481576919556,0.4015635550022125,0.40378549695014954
img0405,0.6321578025817871,0.45156118273735046,0.46051689982414246,0.4541570246219635,0.4628101587295532,0.6417492628097534,0.27598336338996887,0.5173407196998596,0.3623942732810974,0.40197813510894775,0.73444664478302,0.6843740344047546,0.8212254643440247,0.6912283897399902,0.863490641117096,0.6651091575622559,0.509665846824646,0.6761086583137512,0.6651091575622559,0.6843136548995972
img0406,0.7559317350387573,0.7272197008132935,0.4809902012348175,0.496886283159256,0.45672735571861267,0.637374997138977,0.2503068745136261,0.5234747529029846,0.15215060114860535,0.43685510754585266,0.891736626625061,0.8649789690971375,0.6132533550262451,0.45141735672950745,0.5127271413803101,0.4979229271411896,0.5002753734588623,0.47864416241645813,0.4979229271411896,0.40637922286987305
img0407,0.6000605821609497,0.4567978084087372,0.469584196805954,0.508520781993866,0.4460618197917938,0.6300469636917114,0.24380815029144287,0.5231480598449707,0.41641080379486084,0.4104955494403839,0.1134834736585617,0.8689161539077759,0.7074348330497742,0.6854192614555359,0.47843077778816223,0.48392948508262634,0.4900398850440979,0.46657317876815796,0.48392948508262634,0.4120067358016968
img0408,0.5961686372756958,0.44654321670532227,0.4554184675216675,0.5035128593444824,0.4604748785495758,0.6275739073753357,0.24772010743618011,0.5024687647819519,0.42591890692710876,0.4104638993740082,0.7458620667457581,0.6471863389015198,0.6268614530563354,0.4340435862541199,0.486045777797699,0.47833380103111267,0.49117541313171387,0.4587542712688446,0.47833380103111267,0.4376070201396942
img0409,0.5715181827545166,0.4783349335193634,0.4704994857311249,0.501420795917511,0.4327476918697357,0.6452897191047668,0.24671602249145508,0.5444612503051758,0.4110065996646881,0.38242852687835693,0.7036600112915039,0.6774047017097473,0.5993551015853882,0.4117964208126068,0.4482712149620056,0.48342397809028625,0.48929479718208313,0.7328035831451416,0.3845892548561096,0.35836663842201233
img0410,0.5710564255714417,0.7966583967208862,0.5520244240760803,0.7656259536743164,0.4588736593723297,0.7341994643211365,0.7392896413803101,0.7949551939964294,0.4573489725589752,0.4272112250328064,0.7242274880409241,0.6610976457595825,0.5910220146179199,0.43297773599624634,0.5007421374320984,0.5191599130630493,0.4878864884376526,0.4624108076095581,0.5191599130630493,0.4085569381713867
img0411,0.5775525569915771,0.437797874212265,0.45058751106262207,0.498732328414917,0.47477903962135315,0.6192481517791748,0.30979669094085693,0.42021647095680237,0.35873866081237793,0.42101702094078064,0.5082497596740723,0.6383633613586426,0.5926135182380676,0.4429222643375397,0.5068925619125366,0.5202518105506897,0.755903959274292,0.6837923526763916,0.3087015450000763,0.27681514620780945
img0412,0.4168328642845154,0.6565778851509094,0.618293821811676,0.6326195001602173,0.2904779613018036,0.5829512476921082,0.046432141214609146,0.5126408934593201,0.3961397111415863,0.415778249502182,0.7157846689224243,0.6368338465690613,0.6013028025627136,0.41797003149986267,0.5042583346366882,0.48549115657806396,0.4670015275478363,0.6629317402839661,0.3024942874908447,0.26864832639694214
img0413,0.6057668924331665,0.49483177065849304,0.4554135799407959,0.5100762844085693,0.47327226400375366,0.6642889976501465,0.2985425293445587,0.5592918992042542,0.4095163643360138,0.4173022210597992,0.1625324785709381,0.5835183262825012,0.44333961606025696,0.5173131227493286,0.3874507546424866,0.2283107489347458,0.7865296006202698,0.19976173341274261,0.5020989775657654,0.43968525528907776
img0414,0.5313358902931213,0.4772231876850128,0.45450839400291443,0.4966569244861603,0.08936916291713715,0.5164037942886353,0.6338421106338501,0.5993292331695557,0.25748375058174133,0.28580746054649353,0.47122013568878174,0.34804412722587585,0.590424120426178,0.37200114130973816,0.4235225319862366,0.4351861774921417,0.4697856903076172,0.4232605993747711,0.4351861774921417,0.4288933575153351
img0415,0.5636085867881775,0.4895095229148865,0.46476995944976807,0.506251335144043,0.41651713848114014,0.647809624671936,0.2554142475128174,0.5544517040252686,0.38552287220954895,0.35827577114105225,0.6752210259437561,0.6324827671051025,0.6119235157966614,0.37364301085472107,0.438732773065567,0.4221051037311554,0.4876050651073456,0.42282241582870483,0.4221051037311554,0.4271983504295349
img0416,0.5443770289421082,0.46228277683258057,0.43382805585861206,0.4314196705818176,0.4177258014678955,0.19635824859142303,0.6563947796821594,0.7399502992630005,0.21022407710552216,0.34348273277282715,0.6667997241020203,0.5950693488121033,0.5776066780090332,0.3505513072013855,0.4253237247467041,0.4089099168777466,0.4661968946456909,0.21511368453502655,0.30435943603515625,0.28569296002388
img0417,0.43591663241386414,0.6543371677398682,0.640160858631134,0.6128643751144409,0.29439738392829895,0.5570111870765686,0.6269263625144958,0.7593802213668823,0.3363373279571533,0.11843403428792953,0.672335684299469,0.6229511499404907,0.6138035655021667,0.3579285740852356,0.4389474391937256,0.41295382380485535,0.5195595026016235,0.4062279760837555,0.41295382380485535,0.0784125030040741
img0418,0.33837857842445374,0.5907421112060547,0.65577232837677,0.5475013852119446,0.24516579508781433,0.5191323161125183,0.6360647678375244,0.6563522815704346,0.2823287844657898,0.3007737100124359,0.4760532081127167,0.5721480250358582,0.45553725957870483,0.5418522357940674,0.3742421865463257,0.24540774524211884,0.7482511401176453,0.594039261341095,0.18741805851459503,0.4202863574028015
img0419,0.5716078877449036,0.3785379230976105,0.4085830748081207,0.3812933564186096,0.39729610085487366,0.5883419513702393,0.31144145131111145,0.46189242601394653,0.28995850682258606,0.35369259119033813,0.769826352596283,0.28950271010398865,0.5800172686576843,0.6371426582336426,0.592812180519104,0.4070432186126709,0.7115243077278137,0.6820194721221924,0.4070427715778351,0.404544472694397
img0420,0.4435122311115265,0.6692938804626465,0.5314316153526306,0.6559240221977234,0.40565815567970276,0.6023204326629639,0.2614932358264923,0.4921943247318268,0.2824585437774658,0.3338695764541626,0.7565150260925293,0.5877624750137329,0.6024487018585205,0.39597776532173157,0.07827974855899811,0.3821486234664917,0.7154962420463562,0.10846593230962753,0.43663403391838074,0.407265305519104
img0421,0.5598412752151489,0.3685878813266754,0.4308754801750183,0.3761025667190552,0.3616754412651062,0.5914470553398132,0.2679959833621979,0.4747373163700104,0.26794523000717163,0.3238361179828644,0.7400314807891846,0.5853708386421204,0.5889896154403687,0.3667488992214203,0.48972561955451965,0.4396403729915619,0.4546045660972595,0.3764561116695404,0.4396403729915619,0.38239142298698425
img0422,0.5467271208763123,0.33344539999961853,0.412494957447052,0.34283581376075745,0.3586851954460144,0.57817542552948,0.2847808003425598,0.4555797874927521,0.2435237616300583,0.3337056338787079,0.7559229135513306,0.5565943121910095,0.574985682964325,0.37550193071365356,0.5193710327148438,0.4425846338272095,0.43596017360687256,0.3854466676712036,0.4425846338272095,0.37612053751945496
img0423,0.537322998046875,0.3916427493095398,0.5372036695480347,0.45705875754356384,0.4959239661693573,0.8599867224693298,0.7112777233123779,0.6810262203216553,0.41749411821365356,0.36489173769950867,0.8358379006385803,0.8680142164230347,0.6527195572853088,0.6533432602882385,0.7099533081054688,0.460940420627594,0.6797643899917603,0.6820245981216431,0.460940420627594,0.47839251160621643
img0424,0.5584354996681213,0.7007121443748474,0.31754010915756226,0.7554362416267395,0.08157852292060852,0.5725544691085815,0.1422538459300995,0.46981868147850037,0.31569600105285645,0.2841741442680359,0.6829677224159241,0.5489069223403931,0.6685146689414978,0.3497503101825714,0.4382787346839905,0.35935673117637634,0.5603282451629639,0.3720284700393677,0.35935673117637634,0.40631723403930664
img0425,0.5099820494651794,0.35059261322021484,0.5586661696434021,0.44344931840896606,0.3373388350009918,0.5375069975852966,0.14653608202934265,0.43754875659942627,0.3259807527065277,0.3087640106678009,0.6935405731201172,0.5245329737663269,0.6679442524909973,0.34886375069618225,0.444563627243042,0.36990416049957275,0.5729924440383911,0.361640602350235,0.36990416049957275,0.4235060513019562
img0426,0.5386767387390137,0.3565187454223633,0.548357367515564,0.4447849988937378,0.33228862285614014,0.5443171858787537,0.1669374257326126,0.44278696179389954,0.3344790041446686,0.29894429445266724,0.6860069632530212,0.5389752984046936,0.6620128750801086,0.33610254526138306,0.09563267976045609,0.6386604905128479,0.4822970926761627,0.6293475031852722,0.3639889657497406,0.4371812045574188
img0427,0.4909108281135559,0.3246147632598877,0.5400885343551636,0.3830811381340027,0.2828699052333832,0.500026524066925,0.15173335373401642,0.4140053391456604,0.27181410789489746,0.03253375366330147,0.8670554161071777,0.8306246995925903,0.7677968144416809,0.6118077039718628,0.01970379427075386,0.34085336327552795,0.5437161326408386,0.32845446467399597,0.34085336327552795,0.40758028626441956
img0428,0.5551880598068237,0.31190621852874756,0.47786974906921387,0.34702005982398987,0.3936486542224884,0.58907151222229,0.301996111869812,0.46314099431037903,0.2533781826496124,0.35726630687713623,0.7915421724319458,0.7259587049484253,0.719779908657074,0.6435474753379822,0.6100303530693054,0.45971882343292236,0.6893897652626038,0.6732708215713501,0.44656991958618164,0.3710730969905853
img0429,0.5314671993255615,0.3099827468395233,0.49626415967941284,0.3348274827003479,0.38804060220718384,0.5867597460746765,0.3110524117946625,0.47789686918258667,0.2413080930709839,0.36933428049087524,0.7953532338142395,0.5190421938896179,0.6699497103691101,0.3892681300640106,0.5451012849807739,0.44223132729530334,0.5327072739601135,0.4150764048099518,0.44223132729530334,0.37451449036598206
img0430,0.5444549918174744,0.34023377299308777,0.4988013803958893,0.33903422951698303,0.3984090983867645,0.5964975357055664,0.3428812325000763,0.4976421594619751,0.24761678278446198,0.39624544978141785,0.8059017658233643,0.5288952589035034,0.6755193471908569,0.4139591455459595,0.5757160782814026,0.47571250796318054,0.5339280366897583,0.4442604184150696,0.47571250796318054,0.049529194831848145
img0431,0.42304539680480957,0.6473602056503296,0.5518757104873657,0.399064302444458,0.4005855619907379,0.6176463961601257,0.3617865741252899,0.5478326082229614,0.31427666544914246,0.421812504529953,0.7991039156913757,0.5503087639808655,0.6745931506156921,0.4554382860660553,0.600742757320404,0.5201317071914673,0.5492035150527954,0.4912000298500061,0.5201317071914673,0.40581151843070984
img0432,0.6455841660499573,0.3985857367515564,0.38518810272216797,0.44546419382095337,0.4913148581981659,0.8136164546012878,0.7303877472877502,0.706794023513794,0.3944017291069031,0.4970758259296417,0.8492727875709534,0.5926592350006104,0.6508878469467163,0.5178980231285095,0.05467264726758003,0.44310662150382996,0.6948899626731873,0.7093698382377625,0.44310668110847473,0.45196837186813354
img0433,0.2175019234418869,0.4091029167175293,0.6647696495056152,0.3939688801765442,0.15241940319538116,0.39298951625823975,0.5513826608657837,0.38501864671707153,0.539993166923523,0.5534076690673828,0.7911837100982666,0.6527493596076965,0.7336913347244263,0.5967353582382202,0.6129797101020813,0.5994049906730652,0.5300126671791077,0.6316991448402405,0.02940446324646473,0.12449028342962265
img0434,0.36298802495002747,0.5442475080490112,0.6470030546188354,0.5480182766914368,0.24123167991638184,0.6568549871444702,0.43328720331192017,0.5827176570892334,0.5438311100006104,0.6067457795143127,0.7764976620674133,0.6167140007019043,0.6395227313041687,0.5777119398117065,0.6089972853660583,0.6836893558502197,0.4815371036529541,0.6311762928962708,0.6836893558502197,0.43984681367874146
img0435,0.648504376411438,0.4535064995288849,0.45038703083992004,0.6266042590141296,0.5104216933250427,0.6806202530860901,0.0888441726565361,0.5719645023345947,0.43140920996665955,0.312087744474411,0.7925410866737366,0.8047228455543518,0.6223514676094055,0.5571686625480652,0.7135320901870728,0.45757925510406494,0.6116790771484375,0.5987417101860046,0.45757925510406494,0.4889810085296631
img0436,0.09640713036060333,0.4712028503417969,0.49420902132987976,0.6445673108100891,0.4322494864463806,0.6475626826286316,0.29900556802749634,0.5981845855712891,0.5346887707710266,0.4418731927871704,0.6215183734893799,0.6524937152862549,0.6020143032073975,0.5320159792900085,0.552873432636261,0.47793641686439514,0.5040656328201294,0.5395237803459167,0.47793641686439514,0.32421550154685974
img0437,0.5098922848701477,0.48328620195388794,0.5406600832939148,0.59871906042099,0.3850249946117401,0.657306969165802,0.23200994729995728,0.5960529446601868,0.47800618410110474,0.38338398933410645,0.5674536824226379,0.6409454941749573,0.604249119758606,0.506990909576416,0.5270223617553711,0.41208356618881226,0.21862544119358063,0.6857438087463379,0.5469948053359985,0.5710267424583435
img0438,0.10017402470111847,0.490500271320343,0.5276343822479248,0.6250708699226379,0.3814745843410492,0.6444464921951294,0.2659822702407837,0.5814763307571411,0.5256763100624084,0.3935745060443878,0.5438554286956787,0.6106910705566406,0.6037763953208923,0.490296870470047,0.5211073756217957,0.41337651014328003,0.720600426197052,0.6744645833969116,0.3716074526309967,0.3930912911891937
img0439,0.2250920981168747,0.4836655259132385,0.6745315194129944,0.4791054129600525,0.15058788657188416,0.4442821145057678,0.6149550080299377,0.5861877799034119,0.5565415620803833,0.3726192116737366,0.5216408371925354,0.5970040559768677,0.626392126083374,0.4837125539779663,0.5045926570892334,0.40112248063087463,0.5386612415313721,0.5135876536369324,0.40112248063087463,0.3115396201610565
img0440,0.5301211476325989,0.4583924114704132,0.5194069743156433,0.5927260518074036,0.36502325534820557,0.6513840556144714,0.22494423389434814,0.5490646958351135,0.4869593381881714,0.39481034874916077,0.5724876523017883,0.6050638556480408,0.6212201714515686,0.511640727519989,0.5237990617752075,0.39885544776916504,0.5024372339248657,0.5168060064315796,0.39885544776916504,0.3323790431022644
img0441,0.5592455863952637,0.46278703212738037,0.549066960811615,0.5586267113685608,0.41858619451522827,0.6871819496154785,0.06866259127855301,0.6296616792678833,0.31186366081237793,0.4676959216594696,0.6292886734008789,0.6456992626190186,0.6611091494560242,0.5009315609931946,0.5892209410667419,0.44897693395614624,0.5538308024406433,0.5104080438613892,0.44897693395614624,0.36586472392082214
img0442,0.46743887662887573,0.48144960403442383,0.5205831527709961,0.71170574426651,0.38269883394241333,0.5897237658500671,0.7633391618728638,0.586577832698822,0.3658716380596161,0.015805790200829506,0.5214033722877502,0.5527514815330505,0.627917468547821,0.4844093322753906,0.41925787925720215,0.3773093819618225,0.534246027469635,0.5269699096679688,0.3773093819618225,0.4017389416694641
img0443,0.44317957758903503,0.6904997229576111,0.5738040208816528,0.7097518444061279,0.3536759912967682,0.6759709119796753,0.7527919411659241,0.7109259366989136,0.33912357687950134,0.3523658215999603,0.47529876232147217,0.5393032431602478,0.6162469983100891,0.4729629158973694,0.40246284008026123,-0.015939388424158096,0.7444396018981934,0.6719086766242981,0.3212668001651764,0.3182506263256073
img0444,0.4654887318611145,0.5195987224578857,0.5686948895454407,0.7474772930145264,0.37324026226997375,0.6119285225868225,0.18625310063362122,0.5628117322921753,0.6236620545387268,0.3442325294017792,0.5228667259216309,0.5778849124908447,0.6008687615394592,0.50713711977005,0.44225916266441345,0.39918118715286255,0.5601746439933777,0.5486339926719666,0.39918118715286255,0.3463587164878845
img0445,0.45978933572769165,0.5058935880661011,0.5407692193984985,0.7384076118469238,0.3461940884590149,0.5905444025993347,0.18907199800014496,0.5254330635070801,0.3503841459751129,0.31685349345207214,0.7445432543754578,0.7999254465103149,0.5996440649032593,0.5992168188095093,0.6106778979301453,0.3768056631088257,0.7275804281234741,0.642967939376831,0.3768056333065033,0.40320298075675964
img0446,0.24260641634464264,0.47171905636787415,0.6397143006324768,0.4737681448459625,0.14366213977336884,0.4382876455783844,0.5522419214248657,0.5537629127502441,0.1464405655860901,0.22520433366298676,0.36789393424987793,0.4698399603366852,0.38041940331459045,0.4328920543193817,0.3975324332714081,0.3632681965827942,0.5214672684669495,0.5235971212387085,0.3632681965827942,0.3660103380680084
img0447,0.5590314269065857,0.5021389126777649,0.5959911942481995,0.608271062374115,0.4252278208732605,0.6691993474960327,0.27654537558555603,0.5980527997016907,0.4214533269405365,0.4156615734100342,0.7813648581504822,0.8051566481590271,0.711203932762146,0.6145457029342651,0.7001344561576843,0.4777103662490845,0.6622807383537292,0.6455004215240479,0.477710485458374,0.524192750453949
img0448,0.2726387679576874,0.45998287200927734,0.573840320110321,0.5872696042060852,0.45606729388237,0.6729405522346497,0.31145820021629333,0.5780588388442993,0.48955997824668884,0.45294189453125,0.06397601217031479,0.4410402476787567,0.3526596426963806,0.409607857465744,0.2725212574005127,0.11587171256542206,0.7625412940979004,0.3128012716770172,0.4729869067668915,0.4065554440021515
img0449,0.5705191493034363,0.4211606979370117,0.47113779187202454,0.554707407951355,0.42455631494522095,0.6419641375541687,0.3062796890735626,0.5116056203842163,0.48436838388442993,0.44879040122032166,0.6912046670913696,0.6024380922317505,0.6836625933647156,0.5264082551002502,0.6019534468650818,0.4630679786205292,0.5000532865524292,0.5154345631599426,0.4630679786205292,0.3768531084060669
img0450,0.5489724278450012,0.40171849727630615,0.438920795917511,0.541786253452301,0.4566168785095215,0.6542096734046936,0.3097277581691742,0.5121648907661438,0.4645738899707794,0.44716399908065796,0.6738396883010864,0.6004151105880737,0.6653443574905396,0.09117518365383148,0.39910975098609924,0.23004204034805298,0.7764756083488464,0.5849083065986633,0.23004204034805298,0.21840713918209076
img0451,0.37400105595588684,0.42965543270111084,0.47505977749824524,0.5645328760147095,0.43841418623924255,0.6565662026405334,0.29361459612846375,0.5766572952270508,0.21406112611293793,0.2404014617204666,0.421270489692688,0.5119820833206177,0.3925051689147949,0.46454620361328125,0.36930957436561584,0.44448035955429077,0.4994094967842102,0.5146884322166443,0.44448035955429077,0.36407095193862915
img0452,0.6278190612792969,0.4656103551387787,0.44358858466148376,0.49324268102645874,0.4775361120700836,0.6657740473747253,0.33282092213630676,0.5642696619033813,0.41348427534103394,0.49603408575057983,0.7297664284706116,0.06824102252721786,0.689694881439209,0.7154539823532104,0.7648204565048218,0.5505555868148804,0.4760006070137024,0.5184713006019592,0.5505555868148804,0.3882784843444824
img0453,0.6149499416351318,0.48988077044487,0.5205086469650269,0.5046802163124084,0.4813992381095886,0.6853518486022949,0.34822121262550354,0.6134377121925354,0.4242786765098572,0.5162299275398254,0.7298908233642578,0.6891084313392639,0.6752080321311951,0.5506746172904968,0.6677101254463196,0.5602908134460449,0.5498266816139221,0.5490378141403198,0.5602908134460449,0.38767343759536743
img0454,0.6286962628364563,0.48030316829681396,0.4715208113193512,0.4959957003593445,0.5572870373725891,0.6586391925811768,0.41443583369255066,0.5957520008087158,0.4505113363265991,0.5975214838981628,0.7546506524085999,0.6801372170448303,0.662200391292572,0.5534456372261047,0.697933554649353,0.6676604747772217,0.5199475884437561,0.5470905303955078,0.6676604747772217,0.4097391664981842
img0455,0.6138030886650085,0.4646869897842407,0.48361459374427795,0.5013464093208313,0.5256170630455017,0.648832380771637,0.4002251923084259,0.6073235273361206,0.4488860070705414,0.6343176364898682,0.7309252619743347,0.6528517603874207,0.6371198296546936,0.5725688934326172,0.7012351751327515,0.6790735721588135,0.5260052680969238,0.5804700255393982,0.6790735721588135,0.41444990038871765
img0456,0.6007245182991028,0.4548012316226959,0.4171157479286194,0.48241814970970154,0.508054792881012,0.600264310836792,0.43701404333114624,0.5714664459228516,0.46217480301856995,0.6749614477157593,0.6667399406433105,0.6095695495605469,0.5596694350242615,0.5673781633377075,0.6778591871261597,0.7236563563346863,0.4587138593196869,0.5771377086639404,0.7236563563346863,0.4262538552284241
img0457,0.5973266959190369,0.4222666919231415,0.38912439346313477,0.4235236942768097,0.4079422652721405,0.6492637395858765,0.2589177191257477,0.6615920662879944,0.2726418375968933,0.32481831312179565,0.43528422713279724,0.5297501087188721,0.4447886645793915,0.5448128581047058,0.5860466957092285,0.46361932158470154,0.4201555848121643,0.4558655619621277,0.46361932158470154,0.37662336230278015
img0458,0.5871780514717102,0.4038023054599762,0.3986760973930359,0.4022391140460968,0.3690543472766876,0.6305197477340698,0.253002792596817,0.5204435586929321,0.3101116418838501,0.40544840693473816,0.7020948529243469,0.6325169801712036,0.5915145874023438,0.46223264932632446,0.5775133371353149,0.06086782366037369,0.6854355335235596,0.46024709939956665,0.16545343399047852,0.12751027941703796
img0459,0.2758035659790039,0.4916169047355652,0.3354969620704651,0.3736065924167633,0.35395610332489014,0.6069260239601135,0.2703005075454712,0.4925570487976074,0.27395641803741455,0.3876693844795227,0.40475690364837646,0.4698149859905243,0.37898966670036316,0.4520038068294525,0.2960317134857178,0.19322265684604645,0.3009417653083801,0.4052470624446869,0.4394037127494812,0.38710156083106995
img0460,0.5831924080848694,0.3924585282802582,0.38183319568634033,0.36656397581100464,0.40811190009117126,0.6289455890655518,0.3387313783168793,0.523370087146759,0.2799392640590668,0.4742859899997711,0.7288222312927246,0.6169196963310242,0.5976854562759399,0.4108470380306244,0.5893597602844238,0.5252799391746521,0.42867153882980347,0.4200785160064697,0.5252799391746521,0.4319220185279846
img0461,0.5407500863075256,0.3540861904621124,0.4042010009288788,0.38186153769493103,0.39796578884124756,0.6222780346870422,0.28615260124206543,0.10485707968473434,0.1329890787601471,0.07871883362531662,0.28218260407447815,0.3291628062725067,0.239888533949852,0.28629735112190247,0.5564139485359192,0.43798553943634033,0.43755823373794556,0.4439680874347687,0.43798553943634033,0.3645764887332916
img0462,0.5862581133842468,0.42806464433670044,0.41262051463127136,0.4254592955112457,0.42816227674484253,0.6831896305084229,0.2984951138496399,0.5618698596954346,0.32358691096305847,0.4312751293182373,0.7451430559158325,0.6582163572311401,0.5913025140762329,0.4700232148170471,0.5579542517662048,0.4815657436847687,0.43830370903015137,0.48017144203186035,0.4815657436847687,0.3965975344181061
img0463,0.5871791839599609,0.3929653763771057,0.38529226183891296,0.3959648013114929,0.46664366126060486,0.6695326566696167,0.30951595306396484,0.5282085537910461,0.3086799085140228,0.4389907419681549,0.7738904356956482,0.6364321708679199,0.600619912147522,0.4648246765136719,0.5946762561798096,0.5041744112968445,0.1256893128156662,0.6374973654747009,0.4081074893474579,0.40584707260131836
img0464,0.5196067094802856,0.6796297430992126,0.43459445238113403,0.7694034576416016,0.4611847400665283,0.8237673044204712,0.36659303307533264,0.5689327716827393,0.378305047750473,0.48740747570991516,0.8215547204017639,0.6458116173744202,0.5864822268486023,0.5028071999549866,0.6301345229148865,0.6006168723106384,0.4514397978782654,0.5293130874633789,0.6006168723106384,0.3937012255191803
img0465,0.6063883304595947,0.47711533308029175,0.42192068696022034,0.5022839903831482,0.5622469186782837,0.716240644454956,0.33837494254112244,0.6199073791503906,0.4025997519493103,0.45921790599823,0.8121543526649475,0.6943702101707458,0.5785076022148132,0.5377541184425354,0.6072314381599426,0.5797882676124573,0.45361143350601196,0.17564119398593903,0.18797621130943298,0.17594900727272034
img0466,0.36602479219436646,0.5536750555038452,0.5140634179115295,0.586698055267334,0.31733235716819763,0.6178278923034668,0.6512909531593323,0.5744755864143372,0.27649837732315063,0.21593008935451508,0.6046850085258484,0.30594196915626526,0.5612526535987854,0.5470238924026489,0.6081724762916565,0.619082510471344,0.45094141364097595,0.585785984992981,0.619082510471344,0.11849214881658554
img0467,0.6314693689346313,0.7638983726501465,0.1066785603761673,0.5974599123001099,0.6105242371559143,0.7750934958457947,0.374660462141037,0.7016028165817261,0.5385659337043762,0.5409758687019348,0.7770054340362549,0.7294509410858154,0.5817543864250183,0.7217956781387329,0.5981712937355042,0.5926995277404785,0.4741576015949249,0.754855751991272,0.5926995277404785,0.4178888201713562
img0468,0.5543732643127441,0.5619813203811646,0.4796871244907379,0.5206348896026611,0.060338519513607025,0.321123868227005,0.4430791437625885,0.4240625500679016,0.13511216640472412,0.11613062024116516,0.2818356454372406,0.3436235189437866,0.2858900725841522,0.352507621049881,0.20800094306468964,0.08512778580188751,0.602569043636322,0.3722124695777893,0.08512790501117706,0.07713893055915833
img0469,0.552901029586792,0.5664079189300537,0.45530980825424194,0.5037722587585449,0.6527666449546814,0.7897198796272278,0.3358478844165802,0.24470461905002594,0.12748587131500244,0.13055959343910217,0.4947452247142792,0.7033960819244385,0.5374124646186829,0.5607175230979919,0.5343018174171448,0.5500587821006775,0.4876973032951355,0.618541955947876,0.5500587821006775,0.42498284578323364
img0470,0.12106175720691681,0.31656190752983093,0.5890620946884155,0.2680233418941498,0.09124811738729477,0.26473385095596313,0.41369330883026123,0.49239563941955566,0.440890908241272,0.5066990256309509,0.7520173788070679,0.6817266941070557,0.5370484590530396,0.28048276901245117,0.16077075898647308,0.06492988765239716,0.3317747116088867,0.6296060085296631,0.6054365038871765,0.41868335008621216
img0471,0.6316675543785095,0.47122564911842346,0.525856077671051,0.5538002252578735,0.5708058476448059,0.7588659524917603,0.29903000593185425,0.6503384113311768,0.4623187482357025,0.5153132677078247,0.7401153445243835,0.6675427556037903,0.6226108074188232,0.5513229966163635,0.6096699833869934,0.5427088141441345,0.5497739911079407,0.5874809622764587,0.5427088141441345,0.3897142708301544
img0472,0.5341811180114746,0.4605240225791931,0.5796958208084106,0.820494532585144,0.5405209064483643,0.863984227180481,0.7481447458267212,0.7509116530418396,0.4943395256996155,0.44490736722946167,0.8324630856513977,0.8758475184440613,0.6962604522705078,0.723849892616272,0.724475085735321,0.053122323006391525,0.6162441372871399,0.5727450251579285,0.4863712787628174,0.3627791404724121
img0473,0.5584377646446228,0.4338448941707611,0.3679388165473938,0.827218770980835,0.5458880662918091,0.857016384601593,0.772047221660614,0.641471803188324,0.5350847840309143,0.5140967965126038,0.7680613994598389,0.6104792952537537,0.6429318785667419,0.5349305868148804,0.602816104888916,0.5619028210639954,0.6041349768638611,0.5951911807060242,0.5619028210639954,0.38155946135520935
img0474,0.5143858194351196,0.44536104798316956,0.5486992597579956,0.5453436374664307,0.49728506803512573,0.06360828131437302,0.7038123607635498,0.5872060060501099,-0.01741430163383484,0.48547178506851196,0.7179779410362244,0.615129828453064,0.5979506969451904,0.5753941535949707,0.6442938446998596,0.5156974792480469,0.5660876631736755,0.6006274819374084,0.5156974792480469,0.36260661482810974
img0475,0.4878156781196594,0.14455537497997284,0.6778014898300171,0.4336870312690735,0.19599930942058563,0.4385439455509186,0.5520743131637573,0.498025119304657,0.179612934589386,0.1580272912979126,0.3880518078804016,0.4609546959400177,0.3702242374420166,0.41481122374534607,0.2932450473308563,0.2629815340042114,0.5857898592948914,0.5767119526863098,0.507827877998352,0.35207831859588623
img0476,0.44704878330230713,0.4615246057510376,0.7333977222442627,0.4650896191596985,0.45756444334983826,0.7030271291732788,0.3105262219905853,0.6261937618255615,0.3600357174873352,0.40855658054351807,0.6490626931190491,0.6158645153045654,0.5998206734657288,0.6454933881759644,0.5946065783500671,0.3959403932094574,0.7482760548591614,0.691243588924408,0.39594024419784546,0.39631327986717224
img0477,0.24287787079811096,0.50196373462677,0.7795069813728333,0.4660990238189697,0.17432916164398193,0.4565613567829132,0.5885130763053894,0.5542625784873962,0.17986878752708435,0.20300666987895966,0.3592516779899597,0.60968017578125,0.6300296187400818,0.4524047076702118,0.6057033538818359,0.42601925134658813,0.7991798520088196,0.5206509232521057,0.42601925134658813,0.31988954544067383
img0478,0.41904234886169434,0.46756526827812195,0.8492415547370911,0.4363347291946411,0.3919937312602997,0.6732627153396606,0.23132339119911194,0.613339364528656,0.3121589720249176,0.3630398213863373,0.5989953875541687,0.5992000699043274,0.6456055641174316,0.4125836193561554,0.6408278346061707,0.40831464529037476,0.8436456918716431,0.4704177677631378,0.40831464529037476,0.3282995820045471
img0479,0.3242890536785126,0.43617433309555054,0.910960853099823,0.4684472680091858,0.1271250694990158,0.3706834614276886,0.5002483129501343,0.5454181432723999,0.33846569061279297,0.30681607127189636,0.4905403256416321,0.47998765110969543,0.6046020984649658,0.3450607657432556,0.5232170820236206,0.3612811863422394,0.8866251111030579,0.42559340596199036,0.3612811863422394,0.3013204038143158
img0480,0.3384363055229187,0.46505144238471985,0.9269023537635803,0.45109352469444275,0.317374587059021,0.5494183897972107,0.18565598130226135,0.562022864818573,0.3269299566745758,0.31699031591415405,0.5060672760009766,0.518048107624054,0.6135439276695251,0.3505326211452484,0.5484246611595154,0.36773309111595154,0.9039813876152039,0.42023953795433044,0.36773309111595154,0.3196161687374115
img0481,0.34910956025123596,0.47019821405410767,0.9275745749473572,0.39868175983428955,0.3024032413959503,0.567814826965332,0.181208997964859,0.5629504919052124,0.2825067937374115,0.3175105154514313,0.5043646097183228,0.5487679243087769,0.5963525772094727,0.34125185012817383,0.5810065269470215,0.36014264822006226,0.8987503051757812,0.40100476145744324,0.36014264822006226,0.31693410873413086
img0482,0.3762522041797638,0.45465347170829773,0.887330174446106,0.4472310245037079,0.3779268264770508,0.6061961054801941,0.22657491266727448,0.5819740891456604,0.31970563530921936,0.34777334332466125,0.5633488893508911,0.5548508167266846,0.6362806558609009,0.4014546275138855,0.9426445960998535,0.8108407258987427,0.3533983528614044,0.6769545674324036,0.8108412623405457,0.7943875789642334
img0483,0.6744552254676819,0.851172149181366,0.4537198841571808,0.8133129477500916,0.6470052599906921,0.7955071330070496,0.24919122457504272,0.5982089042663574,0.34184473752975464,0.38613441586494446,0.5902458429336548,0.5728180408477783,0.669657826423645,0.4008367359638214,0.6471102237701416,0.08504489064216614,0.6534388065338135,0.7371787428855896,0.10776141285896301,0.35883772373199463
img0484,0.3771100640296936,0.4776555001735687,0.9223549365997314,0.4214188754558563,0.3241838812828064,0.5794469118118286,0.20709477365016937,0.2868330478668213,0.1745910942554474,0.18771791458129883,0.3934018909931183,0.5588934421539307,0.6238662600517273,0.37349915504455566,0.6143407225608826,0.39041227102279663,0.8905748128890991,0.4248867630958557,0.39041227102279663,0.3363191485404968
img0485,0.44578734040260315,0.6608038544654846,0.7147301435470581,0.6614240407943726,0.25915300846099854,0.6357583403587341,0.22963601350784302,0.6088734865188599,0.3602418005466461,0.3973681330680847,0.5681836009025574,0.6470794677734375,0.6345533728599548,0.42875123023986816,0.6585290431976318,0.44309091567993164,0.8565437197685242,0.4674609899520874,0.08445519208908081,0.33864444494247437
img0486,0.5365664958953857,0.7937372922897339,0.5601392984390259,0.7290166616439819,0.49560901522636414,0.695382297039032,0.7836860418319702,0.724733293056488,0.44796866178512573,0.3989626169204712,0.5739727020263672,0.5863357782363892,0.6391505002975464,0.40962573885917664,0.634630024433136,0.44952312111854553,0.8539596796035767,0.47796356678009033,0.44952312111854553,0.33207571506500244
img0487,0.4577135741710663,0.4986693263053894,0.8725654482841492,0.4595082104206085,0.3784652054309845,0.5029953718185425,0.6398323178291321,0.6247177124023438,0.21807780861854553,0.3787817656993866,0.5995305180549622,0.6292887330055237,0.6477141380310059,0.4350070357322693,0.6345803141593933,0.4490051567554474,0.8426958322525024,0.4990318715572357,0.24723343551158905,0.2416917234659195
img0488,0.34729182720184326,0.5970362424850464,0.792057454586029,0.5500190258026123,0.2751637101173401,0.5350916385650635,0.6608492732048035,0.6453992128372192,0.29104912281036377,0.40269431471824646,0.5527352094650269,0.5583499073982239,0.604753315448761,0.4250941574573517,0.6499258875846863,0.45433318614959717,0.8300885558128357,0.5898222327232361,0.2641427516937256,0.24803003668785095
img0489,0.3275125026702881,0.5968552827835083,0.78544020652771,0.5309167504310608,0.2471129596233368,0.47701022028923035,0.6307709813117981,0.40113747119903564,0.3378639221191406,0.4388280510902405,0.5605888366699219,0.5667259693145752,0.5783424973487854,0.4472404420375824,0.6759911179542542,0.4821995496749878,0.7851992845535278,0.48236405849456787,0.4821995496749878,0.31827184557914734
img0490,0.4477953016757965,0.46514496207237244,0.8343811631202698,0.4427201449871063,0.37164512276649475,0.5690329670906067,0.27098605036735535,0.6220476627349854,0.35816681385040283,0.4726901650428772,0.5469106435775757,0.5700070261955261,0.5668962001800537,0.442033588886261,0.6787099838256836,0.5087373852729797,0.7820101380348206,0.48010948300361633,0.5087373852729797,0.3997551202774048
img0491,0.5602151155471802,0.7672014832496643,0.2500719130039215,0.46257010102272034,0.42052415013313293,0.557684600353241,0.3216855823993683,0.6120173931121826,0.39969751238822937,0.5557093024253845,0.5904695391654968,0.5699396729469299,0.5710485577583313,0.4980795979499817,0.7074153423309326,0.58529132604599,0.7055619359016418,0.521625280380249,0.58529132604599,0.3612542748451233
img0492,0.46113860607147217,0.4097004234790802,0.4297294318675995,0.5190528631210327,0.31024667620658875,0.5070958733558655,0.3361836075782776,0.5755532383918762,0.31549888849258423,0.5405716896057129,0.5140746831893921,0.5253304839134216,0.4705919623374939,0.4107080101966858,0.6201385855674744,0.31752079725265503,0.7027618885040283,0.5910778641700745,0.31752079725265503,0.2737022638320923
img0493,0.6138948202133179,0.7840464115142822,0.5275790691375732,0.3831605315208435,0.438653826713562,0.5369621515274048,0.3780846893787384,0.6386173367500305,0.35410231351852417,0.5694695115089417,0.5871833562850952,0.6037387251853943,0.4440371096134186,0.4778416156768799,0.5481852293014526,0.6797698736190796,0.7211748957633972,0.8041548132896423,0.5091172456741333,0.07462168484926224
img0494,0.5367210507392883,0.4332027733325958,0.5248422622680664,0.33812910318374634,0.3964900076389313,0.46798890829086304,0.36935338377952576,0.6029024720191956,0.3169187903404236,0.5526323318481445,0.5597280263900757,0.5487305521965027,0.39728808403015137,0.46838486194610596,0.5117557048797607,0.6421651840209961,0.46349090337753296,0.5111970901489258,0.6421651840209961,0.3659786581993103
img0495,0.5706794857978821,0.3651500642299652,0.5105015635490417,0.36928918957710266,0.5123635530471802,0.594857931137085,0.4186275601387024,0.5426990985870361,0.3596945106983185,0.5620490908622742,0.5964720249176025,0.6190524697303772,0.48869258165359497,0.41041791439056396,0.6450343132019043,0.6749507784843445,0.4880847632884979,0.43173831701278687,0.7979857921600342,0.7965336441993713
img0496,0.6587897539138794,0.8321786522865295,0.5310144424438477,0.8272202610969543,0.5468790531158447,0.769179105758667,0.7274438738822937,0.8984910845756531,0.3559810221195221,0.5215547680854797,0.6271456480026245,0.5458499789237976,0.6349779963493347,0.4061269164085388,0.7141069769859314,0.526252031326294,0.7066019177436829,0.8358054757118225,0.5505158305168152,0.5200881958007812
img0497,0.7376283407211304,0.9021194577217102,0.2749273478984833,0.3885378837585449,0.3784698247909546,0.5705068707466125,0.29987332224845886,0.5332086682319641,0.29956763982772827,0.43502363562583923,0.5862746238708496,0.526441752910614,0.6733623743057251,0.35055968165397644,0.6737346053123474,0.427594929933548,0.8838481903076172,0.40810883045196533,0.427594929933548,0.39259111881256104
img0498,0.4063373804092407,0.47341376543045044,0.8287570476531982,0.3965045213699341,0.364335298538208,0.5293047428131104,0.33945342898368835,0.553814172744751,0.33307087421417236,0.45168983936309814,0.5183656811714172,0.5294243097305298,0.5760722160339355,0.4129938781261444,0.7224994897842407,0.4686138927936554,0.8630346655845642,0.7870303988456726,0.713278591632843,0.6838703751564026
img0499,0.0915294662117958,0.5224490761756897,0.7944521307945251,0.5298852920532227,0.447942316532135,0.5974219441413879,0.3396016061306,0.6485574841499329,0.44479069113731384,0.5116891264915466,0.6089136600494385,0.6263270974159241,0.6155585050582886,0.5253516435623169,0.7351796627044678,0.5555842518806458,0.8196126222610474,0.5681180357933044,0.5555842518806458,0.3523716628551483
img0500,0.44745853543281555,0.5011792182922363,0.7367802858352661,0.5030602812767029,0.41672706604003906,0.6192885041236877,0.2903563380241394,0.6316828727722168,0.4301456809043884,0.464765340089798,0.6285633444786072,0.5848042368888855,0.1958092600107193,0.49786949157714844,0.30962562561035156,0.16924357414245605,0.7833800911903381,0.5657709836959839,0.16924357414245605,0.1496429592370987
img0501,0.3519147038459778,0.5693821907043457,0.6982229948043823,0.5323058366775513,0.2879363000392914,0.5633637309074402,0.6288235187530518,0.600263774394989,0.25352081656455994,0.24872031807899475,0.5901755690574646,0.5774701237678528,0.56601881980896,0.7471112608909607,0.6034057140350342,0.4322977066040039,0.6947774887084961,0.7801671624183655,0.4322977066040039,0.26903554797172546
img0502,0.5037001967430115,0.5087127089500427,0.49299001693725586,0.385202556848526,0.16407687962055206,0.3941929340362549,0.33511731028556824,0.6420947909355164,0.4843612611293793,0.5431943535804749,0.6736271977424622,0.6015568971633911,0.5889300107955933,0.768622636795044,0.6373189687728882,0.5305466055870056,0.6754993200302124,0.811648964881897,0.5305466055870056,0.315645694732666
img0503,0.5042983293533325,0.5007506608963013,0.6185193061828613,0.5701975226402283,0.46752217411994934,0.6326228380203247,0.3342246115207672,0.6399213075637817,0.2242828905582428,0.23160462081432343,0.43499091267585754,0.4988379180431366,0.4353600740432739,0.4715975224971771,0.3515811264514923,0.189728245139122,0.7461854815483093,0.8349115252494812,0.5371164083480835,0.2921726703643799
img0504,0.5050932765007019,0.4922955632209778,0.5132744312286377,0.5854694843292236,0.49827778339385986,0.6080982089042664,0.347719669342041,0.6384955644607544,0.5572357773780823,0.6051954030990601,0.6313249468803406,0.5719941854476929,0.5030511021614075,0.844603955745697,0.5849145650863647,0.5646079778671265,0.5055405497550964,0.8767185807228088,0.5646079778671265,0.28758177161216736
img0505,0.502691924571991,0.48817867040634155,0.5065605044364929,0.5878384113311768,0.4795878529548645,0.6109111309051514,0.3333304822444916,0.6447641253471375,0.5401037335395813,0.5873015522956848,0.6410799026489258,0.5783917903900146,0.5122966170310974,0.8478344082832336,0.5596592426300049,0.5638613700866699,0.5059202313423157,0.8848446011543274,0.5638613700866699,0.3007846176624298
img0506,0.5142468214035034,0.5255137085914612,0.4814167320728302,0.6037284731864929,0.5139501094818115,0.6228766441345215,0.34115421772003174,0.6619057655334473,0.5681619644165039,0.6073101758956909,0.6401938796043396,0.606843113899231,0.4916233420372009,0.8734881281852722,0.08735820651054382,0.3170643746852875,0.7286092638969421,0.695374071598053,0.598564624786377,0.2976377010345459
img0507,0.5409480929374695,0.5036425590515137,0.4353023171424866,0.588645339012146,0.5084027647972107,0.9176561832427979,0.6736786961555481,0.7333040833473206,0.519959032535553,0.46497732400894165,0.8769379258155823,0.9151374697685242,0.6987547874450684,0.7634373903274536,0.782335638999939,0.5684696435928345,0.6021929979324341,0.7905348539352417,0.5684707164764404,0.028061337769031525
img0508,0.5232509970664978,0.5143601298332214,0.4448830187320709,0.6070939898490906,0.49816474318504333,0.6102169156074524,0.3555707633495331,0.6336895227432251,0.5897953510284424,0.634501039981842,0.6282970309257507,0.5859040021896362,0.4900501072406769,0.8748983144760132,0.5805743932723999,0.6327102184295654,0.44647201895713806,0.89863520860672,0.6327102184295654,0.2934134602546692
img0509,0.564376175403595,0.48179861903190613,0.41963502764701843,0.5190685391426086,0.48900726437568665,0.619351327419281,0.3688918352127075,0.5874344110488892,0.513658881187439,0.62735915184021,0.6676672697067261,0.5815273523330688,0.4988545775413513,0.854518711566925,0.6280969977378845,0.6153314709663391,0.42380499839782715,0.8603612780570984,0.27562862634658813,0.24146799743175507
img0510,0.624667227268219,0.7742068767547607,0.42677053809165955,0.5729814767837524,0.5142091512680054,0.6079064011573792,0.35767361521720886,0.5841193795204163,0.5611335039138794,0.6046712398529053,0.6947517395019531,0.07934074103832245,0.6915103197097778,0.8022639751434326,0.6999828219413757,0.6241433620452881,0.4328489899635315,0.9008771181106567,0.6241433620452881,0.30301058292388916
img0511,0.5284401774406433,0.5320212244987488,0.4771011769771576,0.6433138251304626,0.49284863471984863,0.6142458915710449,0.33909305930137634,0.6255256533622742,0.6089736819267273,0.589343249797821,0.6414086222648621,0.5887941122055054,0.5364777445793152,0.8757880926132202,0.5082679390907288,0.025259023532271385,0.7033693790435791,0.7483670115470886,0.43881282210350037,0.44954320788383484
img0512,0.6012341380119324,0.7570044994354248,0.42329147458076477,0.8154081106185913,0.5298771262168884,0.8676701784133911,0.7233587503433228,0.7505924105644226,0.12375041842460632,0.550546407699585,0.6499669551849365,0.5837417840957642,0.5621277689933777,0.8723229169845581,0.5054399967193604,0.5097697377204895,0.4919995963573456,0.8886518478393555,0.5097697377204895,0.32086700201034546
img0513,0.5151945352554321,0.5264577865600586,0.4911985993385315,0.61216139793396,0.441898375749588,0.6241175532341003,0.27636194229125977,0.6262570023536682,0.5663489103317261,0.5566810369491577,0.6209191679954529,0.5902591943740845,0.5480141043663025,0.8794976472854614,0.4938802123069763,0.5095749497413635,0.5026614665985107,0.9086843132972717,0.5095749497413635,0.29542848467826843
img0514,0.49170634150505066,0.5345139503479004,0.4810178577899933,0.5949630737304688,0.4400568902492523,0.6197806596755981,0.7826071977615356,0.7044744491577148,0.4930375814437866,0.4155121445655823,0.7104892134666443,0.7710341215133667,0.6774608492851257,0.6522282958030701,0.6431116461753845,0.4589977264404297,0.17056310176849365,0.9107102155685425,0.5204485654830933,0.2946043908596039
img0515,0.46100011467933655,0.521645188331604,0.48891034722328186,0.5879766345024109,0.42844778299331665,0.6037219166755676,0.2804194986820221,0.8297393918037415,0.6936130523681641,0.6509458422660828,0.5759566426277161,0.5665742754936218,0.5038454532623291,0.8750148415565491,0.47907310724258423,0.5059508681297302,0.4956037998199463,0.9087016582489014,0.5059508681297302,0.27499261498451233
img0516,0.637439489364624,0.4626651108264923,0.44378238916397095,0.5517963171005249,0.6005363464355469,0.746155858039856,0.40930160880088806,0.6032877564430237,0.49671950936317444,0.5802871584892273,0.7902258634567261,0.6558195352554321,0.6671315431594849,0.594353437423706,0.6156126260757446,0.6144164204597473,0.49053770303726196,0.6217960119247437,0.6144164204597473,0.4328082501888275
img0517,0.6644731760025024,0.47924715280532837,0.473832905292511,0.5423578023910522,0.07127325236797333,0.8275830745697021,0.7152687311172485,0.14631648361682892,0.49428385496139526,0.5698282122612,0.8360869884490967,0.65948086977005,0.7139729857444763,0.6058712601661682,0.6398058533668518,0.60051429271698,0.5332123041152954,0.7012377977371216,0.43905195593833923,0.4450618326663971
img0518,0.046708155423402786,0.35402968525886536,0.4131198525428772,0.36997514963150024,0.48799097537994385,0.6910966634750366,0.3464494049549103,0.537525475025177,0.33895143866539,0.534829318523407,0.666381299495697,0.5718387961387634,0.5714619755744934,0.44640183448791504,0.576156497001648,0.4836544394493103,0.4529474973678589,0.4860672354698181,0.4836544394493103,0.45962876081466675
img0519,0.5105985999107361,0.34385794401168823,0.5409209728240967,0.47368913888931274,0.4687120318412781,0.6707242131233215,0.29508835077285767,0.5316395163536072,0.3999619781970978,0.49334707856178284,0.6856704950332642,0.5539836883544922,0.6491230726242065,0.5014004111289978,0.6170523166656494,0.43321457505226135,0.5667178630828857,0.5088759064674377,0.43321457505226135,0.37339192628860474
img0520,0.5309669971466064,0.4002159535884857,0.585054874420166,0.5405262112617493,0.4851142168045044,0.6914392709732056,0.29478156566619873,0.19547830522060394,0.5609497427940369,0.5559093952178955,0.12467222660779953,0.5835897326469421,0.6753382682800293,0.48717835545539856,0.6053345799446106,0.4567182958126068,0.6089961528778076,0.5220158100128174,0.4567182958126068,0.6702786087989807
img0521,0.6862044930458069,0.7861986756324768,0.3857138752937317,0.850689172744751,0.5956431031227112,0.8815497756004333,0.7176852822303772,0.7883176207542419,0.04113849252462387,0.567426323890686,0.6599451899528503,0.518297553062439,0.5467864274978638,0.4430408477783203,0.5396677851676941,0.5028166770935059,0.44339519739151,0.47324007749557495,0.5028166770935059,0.009346917271614075
img0522,0.6554685235023499,0.7369952201843262,0.2993433475494385,0.8217771649360657,0.5765918493270874,0.9023280143737793,0.6920380592346191,0.6951518058776855,0.49067413806915283,0.4310915172100067,0.9054369330406189,0.9113717675209045,0.7118291258811951,0.7063082456588745,0.033586982637643814,0.49992600083351135,0.3727448880672455,0.40582406520843506,0.49992600083351135,0.39587610960006714
img0523,0.5576189756393433,0.41632527112960815,0.5895156860351562,0.49430349469184875,0.47739315032958984,0.6907278299331665,0.34985774755477905,0.5707598328590393,0.40917810797691345,0.49698591232299805,0.7320007085800171,0.5957733988761902,0.6705864071846008,0.7035994529724121,0.6476748585700989,0.5069684982299805,0.6883062720298767,0.5232305526733398,0.48830270767211914,0.40514081716537476
img0524,0.5439086556434631,0.41662660241127014,0.6102674007415771,0.5648120045661926,0.5242677330970764,0.6718595027923584,0.6612467169761658,0.6139369010925293,0.281051903963089,0.1394496113061905,0.7605544328689575,0.5754972696304321,0.7099673748016357,0.525295078754425,0.6207561492919922,0.4966331720352173,0.6245539784431458,0.18486706912517548,0.27945682406425476,0.2896346151828766
img0525,0.09941795468330383,0.42690593004226685,0.6595665216445923,0.5645617246627808,0.48046213388442993,0.6549395322799683,0.27076610922813416,0.5763871073722839,0.4612823724746704,0.46818962693214417,0.6622829437255859,0.5602396130561829,0.6696838140487671,0.4572029411792755,0.5829660296440125,0.4742545485496521,0.6652654409408569,0.5146394968032837,0.4742545485496521,0.40803593397140503
img0526,0.4371851682662964,0.42896825075149536,0.6644407510757446,0.5285161137580872,0.47370219230651855,0.6513181328773499,0.23546202480793,0.5612513422966003,0.4271298050880432,0.44984811544418335,0.6218873858451843,0.5342957973480225,0.6419413089752197,0.4520666003227234,0.5983411073684692,0.4551098644733429,0.6630999445915222,0.49829909205436707,0.4551098644733429,0.36695313453674316
img0527,0.5552932024002075,0.14319154620170593,0.6100623607635498,0.6049576997756958,0.3096539378166199,0.6228359937667847,0.6372999548912048,0.6198049783706665,0.3331862688064575,0.2827174961566925,0.5827114582061768,0.6456261277198792,0.5109145045280457,0.5704973936080933,0.4729146659374237,0.3018857538700104,0.7360653281211853,0.5909101963043213,0.7104856967926025,0.35160186886787415
img0528,0.5934643745422363,0.4263548254966736,0.4078327417373657,0.5416685938835144,0.6588985323905945,0.02453802153468132,0.6317197680473328,0.5986621379852295,0.3075656294822693,0.3002025783061981,0.4469604790210724,0.5261836051940918,0.4605967104434967,0.27497127652168274,0.6873906254768372,0.7439598441123962,0.4586934745311737,0.5682775974273682,0.7439598441123962,0.3903810977935791
img0529,0.1095060259103775,0.7646181583404541,0.45918452739715576,0.1390390545129776,0.6622189283370972,0.6430783867835999,0.4785554111003876,0.5713055729866028,0.5592566728591919,0.6110292077064514,0.7818105220794678,0.040741581469774246,0.7053247094154358,0.7612638473510742,0.7346430420875549,0.722442626953125,0.5047893524169922,0.5911941528320312,0.722442626953125,0.37644654512405396
img0530,0.4424040615558624,0.43968483805656433,0.6747558116912842,0.15439370274543762,0.12687723338603973,0.3670352101325989,0.4953728914260864,0.4636017680168152,0.1679200679063797,0.17468994855880737,0.34342995285987854,0.3979697823524475,0.35060450434684753,0.3793083131313324,0.2533617913722992,0.10105648636817932,0.7471267580986023,0.35956257581710815,0.47360068559646606,0.3582089841365814
img0531,0.4436667263507843,0.44958093762397766,0.6909122467041016,0.5800865292549133,0.4590725302696228,0.613457441329956,0.7297888398170471,0.685396671295166,0.38269856572151184,0.09231827408075333,0.600826621055603,0.5423859357833862,0.6475207805633545,0.49158361554145813,0.5825898051261902,0.5008359551429749,0.6834738254547119,0.5484674572944641,0.5008359551429749,0.34737086296081543
img0532,0.5409741997718811,0.47490060329437256,0.5319225192070007,0.6074363589286804,0.03410526365041733,0.8025304079055786,0.48257923126220703,0.714552640914917,0.565650463104248,0.5890968441963196,0.7330806255340576,0.6189079284667969,0.5942023396492004,0.5847572684288025,0.7071458101272583,0.540314257144928,0.40492045879364014,0.8671408295631409,0.7445301413536072,0.6613348722457886
img0533,0.686195433139801,0.7705930471420288,0.4462583661079407,0.8463866710662842,0.5703781247138977,0.8735176920890808,0.3970109224319458,0.59532231092453,0.4832878112792969,0.5391842126846313,0.7128558158874512,0.9013171792030334,0.7325888872146606,0.8063645362854004,0.7196269631385803,0.622810959815979,0.616551399230957,0.5751281976699829,0.622810959815979,0.32887333631515503
img0534,0.4436420798301697,0.44015681743621826,0.49039924144744873,0.6805787682533264,0.47272732853889465,0.6681479811668396,0.6711145639419556,0.7383170127868652,0.4328286051750183,0.1695391833782196,0.6196523904800415,0.5189074873924255,0.6388959884643555,0.5107012987136841,0.5856462121009827,0.49174752831459045,0.6580223441123962,0.5547033548355103,0.49174752831459045,0.3400435745716095
img0535,0.4151397943496704,0.43018558621406555,0.6369984149932861,0.5508507490158081,0.4453898072242737,0.09534499794244766,0.6989915370941162,0.8144475817680359,0.5286639928817749,0.504829466342926,0.5886673331260681,0.506926953792572,0.5832728147506714,0.5029217004776001,0.5884747505187988,0.49682262539863586,0.6294234991073608,0.5348987579345703,0.49682262539863586,0.30934929847717285
img0536,0.5060737133026123,0.4377020001411438,0.5743322372436523,0.5759949684143066,0.5471034049987793,0.6146045923233032,0.3822474181652069,0.600881814956665,0.38208118081092834,0.4103449285030365,0.5823041200637817,0.3558359146118164,0.5883175730705261,0.5538023114204407,0.6665733456611633,0.6528501510620117,0.586821973323822,0.5982181429862976,0.6528501510620117,0.35401350259780884
img0537,0.5474762320518494,0.457213819026947,0.5679958462715149,0.5838568210601807,0.5539975762367249,0.6284347772598267,0.4150165915489197,0.8066673874855042,0.4901556670665741,0.4766677916049957,0.17120666801929474,0.6217430830001831,0.5908240079879761,0.5879747271537781,0.705169141292572,0.6801328659057617,0.5781944990158081,0.6054900884628296,0.6801328659057617,0.3730964660644531
img0538,0.4366678297519684,0.45215529203414917,0.6483315229415894,0.5749926567077637,0.4577289819717407,0.5994687676429749,0.23541510105133057,0.6023398637771606,0.479669988155365,0.21715915203094482,0.6045749187469482,0.6683668494224548,0.5826183557510376,0.5007564425468445,0.5846400260925293,0.5116780400276184,0.6310983300209045,0.5419251918792725,0.5116780400276184,0.3251708447933197
img0539,0.48211365938186646,0.458397775888443,0.6466697454452515,0.5376008749008179,0.4648072421550751,0.6371484398841858,0.24285367131233215,0.6255605816841125,0.4462866485118866,0.497836172580719,0.622421383857727,0.587951123714447,0.6073607802391052,0.5042681097984314,0.5541247725486755,0.3565319776535034,0.7814241051673889,0.6556688547134399,0.3565325140953064,0.3644489347934723
img0540,0.7052956223487854,0.8195043206214905,0.4183940589427948,0.5628438591957092,0.5142914652824402,0.6379085779190063,0.2835647165775299,0.6469804644584656,0.48852503299713135,0.5439108610153198,0.6259511709213257,0.6015436053276062,0.5791175365447998,0.5321953892707825,0.12671007215976715,0.5963066220283508,0.6287705898284912,0.8545653820037842,0.5867462158203125,0.39172348380088806
img0541,0.5512142181396484,0.46410977840423584,0.5321146249771118,0.5652322769165039,0.5317479968070984,0.6082180142402649,0.3265349864959717,0.6194080114364624,0.5078716278076172,0.6003931164741516,0.0783996656537056,0.7926587462425232,0.8508817553520203,0.753425657749176,0.8946943879127502,0.8669525980949402,0.29411470890045166,0.6849411725997925,0.8669523596763611,0.8297613263130188
img0542,0.9074445962905884,0.7950663566589355,0.2373395413160324,0.8201079368591309,0.7139025330543518,0.7559496760368347,0.4965038001537323,0.8356812596321106,0.7663057446479797,0.6451604962348938,0.7007099390029907,0.6225942373275757,0.5281087160110474,0.5417406558990479,0.6069415211677551,0.7936832904815674,0.4577520787715912,0.5845120549201965,0.7936832904815674,0.383031964302063
img0543,0.5983060598373413,0.45305413007736206,0.40862375497817993,0.5015559792518616,0.5775877833366394,0.591396689414978,0.42305073142051697,0.5529789328575134,0.5058603882789612,0.6702425479888916,0.6866067051887512,0.6206715703010559,0.15291330218315125,0.9147202968597412,0.8174748420715332,0.7258257269859314,0.42602717876434326,0.8463302254676819,0.7258249521255493,0.6521553993225098
img0544,0.7678547501564026,0.7047916054725647,0.043288588523864746,0.4997435510158539,0.5134357810020447,0.6468867063522339,0.2303188294172287,0.5801122784614563,0.42368513345718384,0.5108651518821716,0.5557085275650024,0.558517336845398,0.5390040278434753,0.4433434009552002,0.584423303604126,0.5583783984184265,0.5215296745300293,0.4826078414916992,0.5583783984184265,0.3537808060646057
img0545,0.08864512294530869,0.7852120995521545,0.2523959279060364,0.8381569385528564,0.6757704019546509,0.8384189009666443,0.5377342700958252,0.8681827187538147,0.6851517558097839,0.6964243054389954,0.7976242899894714,0.8838213682174683,0.13468675315380096,0.562814474105835,0.6243128776550293,0.8189589977264404,0.42501068115234375,0.5801075100898743,0.8189589977264404,0.3737846612930298
img0546,0.44384995102882385,0.41211971640586853,0.5177484750747681,0.4997435510158539,0.5134357810020447,0.6468867063522339,0.2303188294172287,0.5801122784614563,0.42368513345718384,0.696323037147522,0.6968215107917786,0.6937387585639954,0.8350528478622437,0.6369901299476624,0.7759237289428711,0.8799386024475098,0.23909719288349152,0.5637288093566895,0.879939079284668,0.9617063403129578
img0547,0.5128113627433777,0.4038330018520355,0.5315394997596741,0.5195387601852417,0.5306859016418457,0.6420678496360779,0.2894478142261505,0.5605044364929199,0.4362342357635498,0.5417798757553101,0.6122872233390808,0.599736750125885,0.606608510017395,0.41546547412872314,0.5607617497444153,0.5531424880027771,0.4700793921947479,0.7442253232002258,0.738627016544342,0.7778562307357788
img0548,0.8588613867759705,0.7893239855766296,0.150884211063385,0.7913225293159485,0.8974997997283936,0.7649614810943604,0.5316670536994934,0.46287015080451965,0.38620638847351074,0.5451574325561523,0.5717845559120178,0.5762004256248474,0.5625464916229248,0.3784518539905548,0.6511380672454834,0.561692476272583,0.5234495401382446,0.4195280969142914,0.561692476272583,0.43957608938217163
img0549,0.5117223858833313,0.4444376826286316,0.5697277784347534,0.5647388100624084,0.4819989502429962,0.6126868724822998,0.29226154088974,0.5660780072212219,0.4831695854663849,0.547045886516571,0.5750976800918579,0.5894858837127686,0.6420978903770447,0.6617898344993591,0.7922943830490112,0.5601674914360046,0.6093994379043579,0.667844295501709,0.5601672530174255,0.6034402847290039
img0550,0.6315910220146179,0.7608736753463745,0.3753681778907776,0.8441263437271118,0.5220614671707153,0.645884096622467,0.3437025249004364,0.5928617119789124,0.5479183793067932,0.593228280544281,0.7078642249107361,0.5691561698913574,0.6305607557296753,0.22126074135303497,0.738432765007019,0.5203283429145813,0.6425673365592957,0.7920962572097778,0.5203283429145813,0.5215610861778259
img0551,0.3946975767612457,0.45732367038726807,0.5865392684936523,0.5965330004692078,0.47626057267189026,0.6167953014373779,0.2772384583950043,0.6068602204322815,0.526221513748169,0.5599477887153625,0.3900451064109802,0.44313180446624756,0.3233819901943207,0.4145749807357788,0.29845890402793884,0.154623880982399,0.6847966909408569,0.47075557708740234,0.15462374687194824,0.1268661469221115
img0552,0.3832215964794159,0.5919950008392334,0.5545564889907837,0.6243652701377869,0.3183554410934448,0.6258524060249329,0.30734893679618835,0.5867002606391907,0.5126293301582336,0.5627626776695251,0.7234006524085999,0.5310999155044556,0.6665021777153015,0.7178336381912231,0.6121642589569092,0.5032268166542053,0.6119270324707031,0.7419642210006714,0.5032268166542053,0.3850657045841217
img0553,0.25041013956069946,0.4937949478626251,0.6380048990249634,0.4103381633758545,0.4493483006954193,0.5840585231781006,0.24698439240455627,0.5648416876792908,0.505763590335846,0.5524826049804688,0.621854841709137,0.48254382610321045,0.610426127910614,0.16136212646961212,0.2945025861263275,0.19956724345684052,0.6663451790809631,0.5537810325622559,0.19956821203231812,0.16626670956611633
img0554,0.4253426492214203,0.6022088527679443,0.5982257723808289,0.6222760081291199,0.33296626806259155,0.5995061993598938,0.6265495419502258,0.7002873420715332,0.34755244851112366,0.3856545686721802,0.5534659624099731,0.31778499484062195,0.6345334649085999,0.7548638582229614,0.5983099341392517,0.5231969952583313,0.5640807747840881,0.7836874127388,0.015207617543637753,0.3087927997112274
img0555,0.5391964912414551,0.7542328238487244,0.47758346796035767,0.611423909664154,0.5128958821296692,0.6121010184288025,0.35586366057395935,0.5725152492523193,0.5806190967559814,0.5751772522926331,0.5956097841262817,0.6862310767173767,0.6728499531745911,0.7575868964195251,0.5474403500556946,0.4245091676712036,0.701913058757782,0.8225986361503601,0.42450928688049316,0.40100881457328796
img0556,0.29033809900283813,0.552108108997345,0.3290542662143707,0.5981315970420837,0.5665295720100403,0.6269242167472839,0.4098343849182129,0.5851405262947083,0.5764914155006409,0.10562743246555328,0.38625189661979675,0.4791509509086609,0.393481582403183,0.7861111164093018,0.631879985332489,0.6246859431266785,0.4593968689441681,0.8124275207519531,0.6246859431266785,0.33263513445854187
img0557,0.5073339939117432,0.4641338586807251,0.5665757656097412,0.498587042093277,0.22943779826164246,0.5078486204147339,0.6007508635520935,0.5513896346092224,0.2751926779747009,0.2592078745365143,0.4668352007865906,0.5132672190666199,0.40125739574432373,0.8338233232498169,0.5376701354980469,0.5892518162727356,0.473076194524765,0.8841984272003174,0.5892518162727356,0.31482160091400146
img0558,0.5018492341041565,0.4787423014640808,0.49121665954589844,0.5432340502738953,0.4752890467643738,0.6173062920570374,0.3616785705089569,0.6267831921577454,0.5164196491241455,0.6032453775405884,0.6593971848487854,0.561537504196167,0.5056961178779602,0.8540717363357544,0.5754334330558777,0.5722389221191406,0.4918018579483032,0.8913291692733765,0.5722389221191406,0.32503750920295715
img0559,0.5706079602241516,0.4723755717277527,0.41824400424957275,0.8740291595458984,0.6605345606803894,0.9127076864242554,0.70136559009552,0.7698912620544434,0.6039060950279236,0.5792286396026611,0.8805323839187622,0.9211028218269348,0.8091471195220947,0.8077616095542908,0.8517917990684509,0.6509438753128052,0.5685808062553406,0.8228419423103333,0.11174408346414566,0.327487051486969
img0560,0.5426830649375916,0.5049908757209778,0.40481269359588623,0.526049792766571,0.478520005941391,0.5913572311401367,0.060309141874313354,0.6983504891395569,0.5241236090660095,0.4448224604129791,0.9147730469703674,0.9236037731170654,0.7116836309432983,0.8690419793128967,0.5885623693466187,0.6042866110801697,0.39738449454307556,0.8876846432685852,0.6042866110801697,0.2900714576244354
img0561,0.5129030346870422,0.5245499014854431,0.4641026258468628,0.5778374075889587,0.4804016947746277,0.6523792147636414,0.3256998062133789,0.21246962249279022,0.5333453416824341,0.4407043159008026,0.9287819266319275,0.9454283714294434,0.713838517665863,0.7610457539558411,0.8210902810096741,0.6089832186698914,0.5491008758544922,0.7510440349578857,0.6089832186698914,0.007275259587913752
img0562,0.5263305902481079,0.49405187368392944,0.42018643021583557,0.5312433242797852,0.477634072303772,0.6112251281738281,0.3531666398048401,0.6010640859603882,0.5178777575492859,0.6419476866722107,0.8654669523239136,0.9275731444358826,0.7954058051109314,0.905632495880127,0.8353396654129028,0.6680163741111755,0.4326559007167816,0.8937229514122009,0.5779758095741272,0.3060629069805145
img0563,0.5570480227470398,0.5198566317558289,0.43683162331581116,0.5893589854240417,0.47605130076408386,0.5912341475486755,0.3103393018245697,0.19056159257888794,0.16223271191120148,0.11649329960346222,0.239423468708992,0.29834088683128357,0.2644035518169403,0.33360081911087036,0.4537314474582672,0.5586600303649902,0.42740821838378906,0.9277889728546143,0.5586600303649902,0.2954484522342682
img0564,0.5374215245246887,0.09102597087621689,0.6196112632751465,0.4722108542919159,0.2433331161737442,0.592440664768219,0.38616427779197693,0.610130786895752,0.5540406703948975,0.6078985929489136,0.6417086720466614,0.5708240866661072,0.46802422404289246,0.881456196308136,0.5661962032318115,0.5931223630905151,0.4254738688468933,0.5672142505645752,0.2240743637084961,0.20390518009662628
img0565,0.3642054498195648,0.509024441242218,0.4436987638473511,0.561865508556366,0.510554850101471,0.6081191897392273,0.3514610230922699,0.6117822527885437,0.5500736236572266,0.5960184335708618,0.6556414365768433,0.43139979243278503,0.3315640091896057,0.47467097640037537,0.28740471601486206,0.16632702946662903,0.6450529098510742,0.5322432518005371,0.16632655262947083,0.12900052964687347
img0566,0.6413263082504272,0.7836169004440308,0.44588255882263184,0.818056583404541,0.5717587471008301,0.8475548624992371,0.7552543878555298,0.7867674827575684,0.5005505681037903,0.4997193217277527,0.8053050637245178,0.5896016955375671,0.509846031665802,0.8663031458854675,0.5447820425033569,0.5873854756355286,0.42738083004951477,0.9028192758560181,0.031020890921354294,0.5495129823684692
img0567,0.5824083089828491,0.7561966180801392,0.39697855710983276,0.7655524015426636,0.556663453578949,0.7787740230560303,0.7472316026687622,0.6765284538269043,0.4523237943649292,0.4613373577594757,0.7589637041091919,0.788131594657898,0.7402563095092773,0.13136260211467743,0.4987044036388397,0.5378062725067139,0.4637242555618286,0.917913019657135,0.5378062725067139,0.3154337406158447
img0568,0.5250048041343689,0.7178327441215515,0.41619163751602173,0.7885252833366394,0.485079824924469,0.5884020924568176,0.31774529814720154,0.5893092155456543,0.5353304147720337,0.5644068121910095,0.6649060249328613,0.5593194365501404,0.14501085877418518,0.6957342624664307,0.7062915563583374,0.4962961971759796,0.6652179956436157,0.7468916773796082,0.49629539251327515,0.5048809051513672
img0569,0.5024124979972839,0.6881759166717529,0.5598855018615723,0.6796832084655762,0.41162601113319397,0.661835253238678,0.6864733695983887,0.32470208406448364,0.5641132593154907,0.5900500416755676,0.6669513583183289,0.5842873454093933,0.506121814250946,0.8802685141563416,0.50925612449646,0.5805483460426331,0.44875603914260864,0.9295895099639893,0.5805483460426331,0.30174943804740906
img0570,0.6034467816352844,0.5827895402908325,0.5079694390296936,0.5596457123756409,0.5568389296531677,0.7383202314376831,0.36329200863838196,0.732841968536377,0.4587230980396271,0.5287719368934631,0.7536939978599548,0.7067645192146301,0.5647457242012024,0.623777449131012,0.6057275533676147,0.6299501657485962,0.5347791910171509,0.6898148655891418,0.6299501657485962,0.36666339635849
img0571,0.6174635887145996,0.5218333601951599,0.350715309381485,0.29372555017471313,0.09440858662128448,0.5534650087356567,0.40563109517097473,0.6797837018966675,0.44500792026519775,0.5588295459747314,0.8074195981025696,0.682878315448761,0.5844367146492004,0.6050809621810913,0.6193624138832092,0.6732078790664673,0.5209813714027405,0.3706287443637848,0.09330110251903534,0.06564486771821976
img0572,0.15636159479618073,0.36444753408432007,0.6489618420600891,0.2942356467247009,0.09473628550767899,0.2882075905799866,0.4763965308666229,0.4025033712387085,0.15109166502952576,0.1294034719467163,0.2788466513156891,0.31482014060020447,0.26944389939308167,0.3315574824810028,0.20021109282970428,0.39769288897514343,0.5210344195365906,0.6643964648246765,0.6731269955635071,0.3746452331542969
img0573,0.5069627165794373,0.5414721965789795,0.4446604549884796,0.5709009766578674,0.48497629165649414,0.26090559363365173,0.6744173169136047,0.8596433997154236,0.13961388170719147,0.5919766426086426,0.642077624797821,0.5792173743247986,0.49565568566322327,0.9010329246520996,0.5056678056716919,0.5529701709747314,0.4555070102214813,0.9326490163803101,0.5529701709747314,0.2917948067188263
img0574,0.5069627165794373,0.5414721965789795,0.4446604549884796,0.08113975822925568,0.5765624046325684,0.8404748439788818,0.03607182949781418,0.6270620226860046,0.5571544766426086,0.5919766426086426,0.642077624797821,0.5792173743247986,0.49565568566322327,0.9010329246520996,0.06986352801322937,0.5826663374900818,0.6199530959129333,0.9119495749473572,0.5826658010482788,0.5694188475608826
img0575,0.8593974709510803,0.8074619174003601,0.2691565454006195,0.8942572474479675,0.7351337671279907,0.891927182674408,0.6108105182647705,0.7755750417709351,0.0628746822476387,0.5777066946029663,0.5957933068275452,0.49854138493537903,0.4686836898326874,0.8858669996261597,0.4771996736526489,0.5528844594955444,0.43097934126853943,0.9372134208679199,0.5528844594955444,0.30426809191703796
img0576,0.6047464609146118,0.7944031953811646,0.46061328053474426,0.7592585682868958,0.45266562700271606,0.6709247827529907,0.7346343994140625,0.8263857364654541,0.5192089080810547,0.6120916604995728,0.6058217287063599,0.7024696469306946,0.6848047375679016,0.7898140549659729,0.5722344517707825,0.4580698609352112,0.6608664393424988,0.8377727270126343,0.2097364068031311,0.27899035811424255
img0577,0.5354712009429932,0.5500526428222656,0.4240042567253113,0.5706145763397217,0.4802897274494171,0.610774040222168,0.3033738136291504,0.6286770701408386,0.5625330805778503,0.5904364585876465,0.6363359093666077,0.5927848815917969,0.48566490411758423,0.9025090336799622,0.9072819352149963,0.8516125679016113,0.2683570981025696,0.9386324286460876,0.571843683719635,0.3072993755340576
img0578,0.6540212035179138,0.5486208200454712,0.4809202551841736,0.5561491250991821,0.5878211259841919,0.7402125000953674,0.44287627935409546,0.7114160656929016,0.49296075105667114,0.5962708592414856,0.8139321208000183,0.08364082127809525,0.5791129469871521,0.620673418045044,0.6139206886291504,0.4057072699069977,0.6900798082351685,0.675771176815033,0.14414148032665253,0.40969136357307434
img0579,0.514305830001831,0.4441354274749756,0.4776735007762909,0.5326834321022034,0.4523196816444397,0.5615816116333008,0.039633363485336304,0.6393243670463562,0.3189848065376282,0.332477867603302,0.6664542555809021,0.5100981593132019,0.5239192843437195,0.5639720559120178,0.525094211101532,0.5829856395721436,0.5117919445037842,0.6609062552452087,0.5829856395721436,0.2082129269838333
img0580,0.27212095260620117,0.41615477204322815,0.5737829804420471,0.40066221356391907,0.16578303277492523,0.3875219523906708,0.5449765920639038,0.4934212565422058,0.21886542439460754,0.23146331310272217,0.3701880872249603,0.4186146855354309,0.33069613575935364,0.4233899414539337,0.2922196090221405,0.17843353748321533,0.6236600875854492,0.46512630581855774,0.17843353748321533,0.15680357813835144
img0581,0.07706302404403687,0.42667675018310547,0.7443401217460632,0.4525694251060486,0.3545154631137848,0.6162406206130981,0.2895393669605255,0.5990740656852722,0.32401424646377563,0.3715532124042511,0.7954338192939758,0.76715487241745,0.68988037109375,0.4580308794975281,0.574426531791687,0.43162357807159424,0.7518087029457092,0.5509412288665771,0.43162357807159424,0.3170442581176758
img0582,0.4119032621383667,0.44217872619628906,0.770947277545929,0.4315835237503052,0.3282014727592468,0.6054290533065796,0.31360021233558655,0.598384439945221,0.3188825249671936,0.3813785910606384,0.583987295627594,0.5346681475639343,0.592396080493927,0.4618700444698334,0.600714385509491,0.4349459111690521,0.772203803062439,0.5396676659584045,0.4349459111690521,0.29741692543029785
img0583,0.3881440758705139,0.4525577425956726,0.8554366827011108,0.4728001058101654,0.360908567905426,0.604162871837616,0.2211931198835373,0.5922227501869202,0.3555067181587219,0.33336761593818665,0.1334494948387146,0.7888877391815186,0.6238753795623779,0.6209858655929565,0.6023684144020081,0.38769766688346863,0.7933588027954102,0.6639306545257568,0.3876972794532776,0.39629003405570984
img0584,0.6171747446060181,0.042646657675504684,0.8737359046936035,0.4798153042793274,0.33412784337997437,0.5431305766105652,0.19041459262371063,0.5589491724967957,0.357439249753952,0.3069055676460266,0.4929211139678955,0.4876466691493988,0.591321587562561,0.36084339022636414,0.5174041390419006,0.3661458194255829,0.8549630641937256,0.4413638710975647,0.3661458194255829,0.28837278485298157
img0585,0.31257468461990356,0.42426586151123047,0.9030389785766602,0.4477766752243042,0.3079121708869934,0.5241382122039795,0.1729954183101654,0.5384041666984558,0.3277128338813782,0.3062300980091095,0.4831985533237457,0.48059698939323425,0.5859129428863525,0.3414102792739868,0.4588354229927063,0.28335246443748474,0.844601035118103,0.41461166739463806,0.3528311252593994,0.28602996468544006
img0586,0.3297930061817169,0.45533081889152527,0.9190866947174072,0.17806696891784668,0.28464430570602417,0.5849418044090271,0.685590922832489,0.5623984336853027,0.3183167278766632,0.3094632029533386,0.49625831842422485,0.5065577626228333,0.602806031703949,0.3489338755607605,0.5483503937721252,0.3602541983127594,0.8897082209587097,0.4200955629348755,0.3602541983127594,0.2934960722923279
img0587,0.3840530514717102,0.4705042541027069,0.9228633046150208,0.411198228597641,0.31169021129608154,0.5771818161010742,0.18780386447906494,0.5677462816238403,0.2947562038898468,0.3323255777359009,0.5364545583724976,0.5604332685470581,0.6212828755378723,0.366939902305603,0.6069474816322327,0.37599167227745056,0.892177164554596,0.41605377197265625,0.37599167227745056,0.33217063546180725
img0588,0.37073540687561035,0.4792960584163666,0.912624180316925,0.40431511402130127,0.3087432384490967,0.5798947811126709,0.19723783433437347,0.5724775195121765,0.29435044527053833,0.33062854409217834,0.2768404185771942,0.36981824040412903,0.3291971981525421,0.3733614385128021,0.22427918016910553,0.10340014845132828,0.7812780141830444,0.40671467781066895,0.10340023785829544,0.08904792368412018
img0589,0.49077102541923523,0.07706066220998764,0.8903668522834778,0.44685354828834534,0.3926379978656769,0.6029720902442932,0.24380996823310852,0.6006221771240234,0.33284732699394226,0.3814330995082855,0.5892438888549805,0.574783980846405,0.6561277508735657,0.40588241815567017,0.6504895091056824,0.44128257036209106,0.8758663535118103,0.4773688018321991,0.44128257036209106,0.3403242528438568
img0590,0.4420173764228821,0.48994800448417664,0.6519935131072998,0.752971887588501,0.5639067888259888,0.7079969048500061,0.016357876360416412,0.6235753297805786,0.344486802816391,0.3926581144332886,0.5931195616722107,0.6058667302131653,0.6520448327064514,0.41342511773109436,0.6659489274024963,0.45008528232574463,0.853805661201477,0.48355644941329956,0.45008528232574463,0.34562715888023376
img0591,0.40794554352760315,0.5043975710868835,0.9002118110656738,0.44337886571884155,0.3316662907600403,0.6161357164382935,0.20822225511074066,0.6152804493904114,0.33319711685180664,0.36956867575645447,0.5231815576553345,0.6127856969833374,0.6072824597358704,0.39827001094818115,0.6397532224655151,0.08758410066366196,0.7883322238922119,0.4758545160293579,0.12348583340644836,0.33266976475715637
img0592,0.4066808819770813,0.49191150069236755,0.880940318107605,0.4497821629047394,0.3570074737071991,0.615812361240387,0.24040420353412628,0.6109504103660583,0.35756927728652954,0.20061570405960083,0.4355246424674988,0.5218108296394348,0.4226457476615906,0.39402979612350464,0.6556193828582764,0.4267211854457855,0.8751212358474731,0.4461970031261444,0.4267211854457855,0.3499654233455658
img0593,0.4416922926902771,0.4829181730747223,0.8622633814811707,0.6253622770309448,0.3571518063545227,0.5924574732780457,0.05720507353544235,0.6158009171485901,0.3217656910419464,0.3788611888885498,0.5815478563308716,0.6096911430358887,0.6277729272842407,0.42602911591529846,0.6312041878700256,0.13048842549324036,0.8180691599845886,0.6364216804504395,0.33630138635635376,0.33525213599205017
img0594,0.4046119749546051,0.6598924398422241,0.7382686138153076,0.6286307573318481,0.33410415053367615,0.6109508275985718,0.7161802053451538,0.6933518648147583,0.3328777849674225,0.39194005727767944,0.5579430460929871,0.5643488764762878,0.6019070148468018,0.4243127405643463,0.6665793657302856,0.4445476233959198,0.8190360069274902,0.46382787823677063,0.4445476233959198,0.3281433582305908
img0595,0.4222545325756073,0.45276522636413574,0.8390740752220154,0.4291159212589264,0.3978641629219055,0.5845230221748352,0.7022522687911987,0.7551050782203674,0.36365455389022827,0.44053107500076294,0.5551067590713501,0.6598011255264282,0.6161630749702454,0.6330087780952454,0.49117350578308105,0.34785014390945435,0.799045741558075,0.4742968678474426,0.4711649417877197,0.325530469417572
img0596,0.4441829025745392,0.47638046741485596,0.8373509645462036,0.44015833735466003,0.36507055163383484,0.5729789733886719,0.2670465409755707,0.6340363025665283,0.3500259518623352,0.4629913866519928,0.5303359627723694,0.578267514705658,0.5582332015037537,0.4334918260574341,0.6664519309997559,0.5029978156089783,0.7782965898513794,0.4789295792579651,0.5029978156089783,0.35005494952201843
img0597,0.15946504473686218,0.8481631278991699,0.48741987347602844,0.7873356342315674,0.6135703921318054,0.7620424628257751,0.7348519563674927,0.7835013270378113,0.5179982781410217,0.5843626856803894,0.7484130859375,0.8044216632843018,0.8274677395820618,0.7382776737213135,0.1753278225660324,0.57375568151474,0.6783053278923035,0.5064871311187744,0.57375568151474,0.3618108332157135
img0598,0.4689048230648041,0.39978688955307007,0.5439372062683105,0.36245375871658325,0.040358465164899826,0.5287221074104309,0.6202606558799744,0.6407977938652039,0.3592236042022705,0.31720250844955444,0.5103885531425476,0.5865868330001831,0.5017792582511902,0.5492587685585022,0.42933258414268494,0.23913739621639252,0.48621827363967896,0.45709365606307983,0.6247668862342834,0.33929091691970825
img0599,0.5367411375045776,0.4409109055995941,0.5523096919059753,0.34269747138023376,0.3723950982093811,0.519493818283081,0.3146529197692871,0.6175155639648438,0.3016384541988373,0.5200930237770081,0.5609788298606873,0.5726412534713745,0.4407006502151489,0.1944868117570877,0.4462735056877136,0.3279111087322235,0.7912102937698364,0.6921602487564087,0.3279118537902832,0.2907545566558838
img0600,0.7775731086730957,0.7412354350090027,0.19884879887104034,0.855170488357544,0.7135628461837769,0.9195117354393005,0.6128059029579163,0.683368444442749,0.3316178321838379,0.5644876956939697,0.5717105269432068,0.5705978274345398,0.3913639485836029,0.47870272397994995,0.5010903477668762,0.6755700707435608,0.4597044587135315,0.7072611451148987,0.713968813419342,0.7148252129554749
img0601,0.8332618474960327,0.7594872713088989,0.09304193407297134,0.36654138565063477,0.5206714868545532,0.5325227975845337,0.4402305781841278,0.5030835866928101,0.3735016882419586,0.5740911960601807,0.5620145201683044,0.04245426505804062,0.8629680275917053,0.735928475856781,0.0744742825627327,0.6951592564582825,0.40266725420951843,0.424554705619812,0.6951592564582825,0.39460745453834534
img0602,0.5545641183853149,0.12480813264846802,0.46364274621009827,0.8309415578842163,0.6079776287078857,0.5797790884971619,0.4066779315471649,0.5486928820610046,0.3746814429759979,0.5723455548286438,0.5700685977935791,0.5957896709442139,0.47326424717903137,0.4245155453681946,0.604394257068634,0.6888425946235657,0.4383283853530884,0.44040194153785706,0.6888425946235657,0.41927388310432434
img0603,0.49311569333076477,0.43663451075553894,0.6580464839935303,0.4115893542766571,0.49476364254951477,0.6182492971420288,0.38533416390419006,0.5494078993797302,0.37901467084884644,0.5679175853729248,0.6649486422538757,0.5936654806137085,0.6173966526985168,0.4299180209636688,0.6834201216697693,0.6047652959823608,0.6886416077613831,0.46769821643829346,0.4938226640224457,0.466506689786911
img0604,0.571388304233551,0.7804833650588989,0.6580464839935303,0.4115893542766571,0.49476364254951477,0.6182492971420288,0.38533416390419006,0.5494078993797302,0.37901467084884644,0.5679175853729248,0.6649486422538757,0.5936654806137085,0.6173966526985168,0.4299180209636688,0.6834201216697693,0.6047652959823608,0.6781589388847351,0.7540095448493958,0.4938817322254181,0.466506689786911
img0605,0.6686669588088989,0.833695650100708,0.4634249210357666,0.4013752043247223,0.4173520803451538,0.5797229409217834,0.4066840410232544,0.5486811399459839,0.37471920251846313,0.5722863078117371,0.5699700713157654,0.5957555174827576,0.4731459617614746,0.4244496822357178,0.6042414307594299,0.6888681054115295,0.43826934695243835,0.44039756059646606,0.6888681054115295,0.5946654677391052
img0606,0.6686669588088989,0.833695650100708,0.21915477514266968,0.4013752043247223,0.4173520803451538,0.5797229409217834,0.4066840410232544,0.5486811399459839,0.37471920251846313,0.5722863078117371,0.5699700713157654,0.5957555174827576,0.4731459617614746,0.4244496822357178,0.6042414307594299,0.6888681054115295,0.43826934695243835,0.16185513138771057,0.5900827646255493,0.5946652889251709
img0607,0.05275747925043106,0.38703078031539917,0.3725864291191101,0.3718585669994354,0.47769778966903687,0.4698440432548523,0.4635466933250427,0.5374060273170471,0.373812198638916,0.5994337201118469,0.5496129393577576,0.5642789006233215,0.3411850035190582,0.4330763518810272,0.5055040717124939,0.7582994103431702,0.3640223443508148,0.6817637085914612,0.9241911768913269,0.9099778532981873
img0608,0.05275740101933479,0.38703078031539917,0.3725864291191101,0.3718585669994354,0.47769778966903687,0.4698440432548523,0.4635466933250427,0.5374060273170471,0.373812198638916,0.7773037552833557,0.7457921504974365,0.756271243095398,0.11042513698339462,0.4330763518810272,0.5055040717124939,0.7582994103431702,0.3640223443508148,0.4862600862979889,0.7582994103431702,0.4123998284339905
img0609,0.5404069423675537,0.4435228109359741,0.07936907559633255,0.7198372483253479,0.9104487299919128,0.7379235625267029,0.4904276132583618,0.5630325675010681,0.6490763425827026,0.6612419486045837,0.755713701248169,0.7441142201423645,0.8362379670143127,0.6586676836013794,0.8228546977043152,0.8375009298324585,0.39366641640663147,0.4935968816280365,0.6664196848869324,0.3991132080554962
img0610,0.6118113398551941,0.5545787811279297,0.46460840106010437,0.5089461207389832,0.6132143139839172,0.6230795979499817,0.4612668752670288,0.7261019945144653,0.4913446605205536,0.660599946975708,0.6568098664283752,0.717520534992218,0.4450862407684326,0.5758958458900452,0.6386436820030212,0.8293046951293945,0.47456055879592896,0.6033963561058044,0.8293046951293945,0.3922426104545593
img0611,0.5636466145515442,0.4225136935710907,0.4200780391693115,0.35661572217941284,0.49451524019241333,0.6131803393363953,0.433566689491272,0.568280816078186,0.3224725127220154,0.6071476936340332,0.650297224521637,0.5942924618721008,0.5583939552307129,0.42463377118110657,0.6396960616111755,0.637104332447052,0.47072476148605347,0.44837895035743713,0.637104332447052,0.41924065351486206
img0612,0.4287555515766144,0.3802470862865448,0.47673067450523376,0.35952794551849365,0.9398260712623596,0.5710197687149048,0.4341878294944763,0.5477503538131714,0.6316924691200256,0.7692759037017822,0.5605176091194153,0.5847283601760864,0.7760938405990601,0.5955106616020203,0.6634819507598877,0.4621395170688629,0.5362403988838196,0.40744948387145996,0.4621395468711853,0.3934565782546997
img0613,0.47533267736434937,0.4584417939186096,0.5627995133399963,0.48377740383148193,0.43194380402565,0.7003835439682007,0.7466550469398499,0.74679034948349,0.4605688750743866,0.4817802906036377,0.22982670366764069,0.5385038256645203,0.6533591151237488,0.6656442284584045,0.5196681618690491,0.43528997898101807,0.5866751074790955,0.695643424987793,0.43528997898101807,0.35012906789779663
img0614,0.49633845686912537,0.4824177026748657,0.5840871930122375,0.49985912442207336,0.44897836446762085,0.6636773943901062,0.24167349934577942,0.5944650769233704,0.42516040802001953,0.4987781345844269,0.6285057663917542,0.5695187449455261,0.6357409358024597,0.6679966449737549,0.5235370993614197,0.4393971264362335,0.5975878238677979,0.24364745616912842,0.8298858404159546,0.8384730815887451
img0615,0.36280757188796997,0.6479399800300598,0.6529825329780579,0.6179867386817932,0.31754592061042786,0.6262593269348145,0.7241093516349792,0.6344355344772339,0.2715870141983032,0.3067370653152466,0.5972242951393127,0.646296501159668,0.5560883283615112,0.5572271943092346,0.4678429067134857,0.18237319588661194,0.724265456199646,0.7581120729446411,0.4294072389602661,0.2819249629974365
img0616,0.462232381105423,0.5139265060424805,0.815146803855896,0.4958188235759735,0.07687986642122269,0.6821585297584534,0.8012341260910034,0.705934464931488,0.43299978971481323,0.44351696968078613,0.638134777545929,0.7121204733848572,0.6562881469726562,0.6293625235557556,0.5804296731948853,0.3824211359024048,0.7361053824424744,0.6985158920288086,0.3824211359024048,0.3922996520996094
img0617,0.5911781191825867,0.48185470700263977,0.8351227641105652,0.416511207818985,0.37029415369033813,0.5380874872207642,0.33136069774627686,0.5680297613143921,0.34616103768348694,0.4555247724056244,0.521947979927063,0.5412036180496216,0.5802496075630188,0.4138527512550354,0.6986114978790283,0.4713049829006195,0.8735457062721252,0.4548948109149933,0.4713049829006195,0.3400769829750061
img0618,0.41408631205558777,0.48185473680496216,0.8351227641105652,0.416511207818985,0.10330870002508163,0.7945953011512756,0.7321909070014954,0.7829340100288391,0.10083521157503128,0.4555247724056244,0.521947979927063,0.5412036180496216,0.5802496075630188,0.4138527512550354,0.6986114978790283,0.4713049829006195,0.8735457062721252,0.4548948109149933,0.4713049829006195,0.08634045720100403
img0619,0.5911783576011658,0.7654538154602051,0.5457725524902344,0.7907642126083374,0.500545084476471,0.7945953011512756,0.7321913838386536,0.7829333543777466,0.4510723054409027,0.4886305332183838,0.7501542568206787,0.8295759558677673,0.6978009939193726,0.7211318016052246,0.6549383997917175,0.4713049829006195,0.8735457062721252,0.4548948109149933,0.4713049829006195,0.3400769829750061
img0620,0.4621501863002777,0.5139452815055847,0.8150862455368042,0.49568355083465576,0.396942675113678,0.5909355282783508,0.2990526556968689,0.6419578194618225,0.4050212502479553,0.4600091576576233,0.08416265994310379,0.7124335169792175,0.6583154201507568,0.6306502819061279,0.5814735889434814,0.3842429220676422,0.7351223230361938,0.19511473178863525,0.4901517629623413,0.3286849856376648
